################################################################################
# Learning curves for training properties:
#  * energies
################################################################################
# Col  Name             Description
################################################################################
# 1    epoch            Current epoch.
# 2    RMSEpa_Etrain_pu RMSE of training energies per atom (physical units)
# 3    RMSEpa_Etest_pu  RMSE of test energies per atom (physical units)
# 4    RMSE_Etrain_pu   RMSE of training energies (physical units)
# 5    RMSE_Etest_pu    RMSE of test energies (physical units)
# 6    MAEpa_Etrain_pu  MAE of training energies per atom (physical units)
# 7    MAEpa_Etest_pu   MAE of test energies per atom (physical units)
# 8    MAE_Etrain_pu    MAE of training energies (physical units)
# 9    MAE_Etest_pu     MAE of test energies (physical units)
##################################################################################################################################################
#        1                2                3                4                5                6                7                8                9
#    epoch RMSEpa_Etrain_pu  RMSEpa_Etest_pu   RMSE_Etrain_pu    RMSE_Etest_pu  MAEpa_Etrain_pu   MAEpa_Etest_pu    MAE_Etrain_pu     MAE_Etest_pu
##################################################################################################################################################
         0   4.80111458E+00   4.80212724E+00   2.40055729E+03   2.40106362E+03   4.80038760E+00   4.80131077E+00   2.40019380E+03   2.40065538E+03
         1   3.20411867E-03   3.53299029E-03   1.60205934E+00   1.76649514E+00   2.67840196E-03   2.95316215E-03   1.33920098E+00   1.47658107E+00
         2   1.27206508E-03   1.63646395E-03   6.36032540E-01   8.18231976E-01   9.74399517E-04   1.20411023E-03   4.87199758E-01   6.02055114E-01
         3   6.14537864E-04   7.27464582E-04   3.07268932E-01   3.63732291E-01   4.65479191E-04   5.91195932E-04   2.32739595E-01   2.95597966E-01
         4   3.77047079E-04   5.73704122E-04   1.88523539E-01   2.86852061E-01   2.68822848E-04   4.12706274E-04   1.34411424E-01   2.06353137E-01
         5   4.10408197E-04   4.90865169E-04   2.05204098E-01   2.45432584E-01   3.17709113E-04   3.67183993E-04   1.58854556E-01   1.83591997E-01
         6   1.76476932E-04   3.50785639E-04   8.82384660E-02   1.75392820E-01   1.41311228E-04   2.71947170E-04   7.06556142E-02   1.35973585E-01
         7   1.62654350E-04   3.36292863E-04   8.13271750E-02   1.68146432E-01   1.23583188E-04   2.58754215E-04   6.17915939E-02   1.29377108E-01
         8   1.53424309E-04   3.09394685E-04   7.67121547E-02   1.54697342E-01   1.16334639E-04   2.39124296E-04   5.81673195E-02   1.19562148E-01
         9   1.75619213E-04   2.99753063E-04   8.78096063E-02   1.49876532E-01   1.32311177E-04   2.22934347E-04   6.61555885E-02   1.11467174E-01
        10   1.43040137E-04   2.91296380E-04   7.15200684E-02   1.45648190E-01   1.07916279E-04   2.12916476E-04   5.39581397E-02   1.06458238E-01
        11   1.61122334E-04   2.91717241E-04   8.05611670E-02   1.45858621E-01   1.34604941E-04   2.44920134E-04   6.73024703E-02   1.22460067E-01
        12   1.12564065E-04   2.67075550E-04   5.62820326E-02   1.33537775E-01   8.81127721E-05   2.18013772E-04   4.40563861E-02   1.09006886E-01
        13   1.09894203E-04   2.48807416E-04   5.49471014E-02   1.24403708E-01   8.39768646E-05   1.86026662E-04   4.19884323E-02   9.30133308E-02
        14   1.11050517E-04   2.58171392E-04   5.55252585E-02   1.29085696E-01   8.22362530E-05   1.89369471E-04   4.11181265E-02   9.46847355E-02
        15   9.52022355E-05   2.41542449E-04   4.76011178E-02   1.20771225E-01   7.32440576E-05   1.88962861E-04   3.66220288E-02   9.44814307E-02
        16   1.07296308E-04   2.49945599E-04   5.36481538E-02   1.24972799E-01   8.47091226E-05   1.94608982E-04   4.23545613E-02   9.73044911E-02
        17   9.57136917E-05   2.40261774E-04   4.78568459E-02   1.20130887E-01   7.45252526E-05   1.85992408E-04   3.72626263E-02   9.29962040E-02
        18   1.47014057E-04   2.63060054E-04   7.35070284E-02   1.31530027E-01   1.24814033E-04   2.16451378E-04   6.24070165E-02   1.08225689E-01
        19   9.72933837E-05   2.38708797E-04   4.86466918E-02   1.19354399E-01   7.80478037E-05   1.77561066E-04   3.90239018E-02   8.87805330E-02
        20   9.19496181E-05   2.30985716E-04   4.59748091E-02   1.15492858E-01   7.23445858E-05   1.72854995E-04   3.61722929E-02   8.64274973E-02
        21   1.34525049E-04   2.54750407E-04   6.72625245E-02   1.27375204E-01   1.02613938E-04   1.78243328E-04   5.13069690E-02   8.91216638E-02
        22   1.14041489E-04   2.43013651E-04   5.70207445E-02   1.21506826E-01   8.82304082E-05   1.78171592E-04   4.41152041E-02   8.90857958E-02
        23   8.80471877E-05   2.27112989E-04   4.40235939E-02   1.13556494E-01   6.74486143E-05   1.70332377E-04   3.37243072E-02   8.51661887E-02
        24   8.57008905E-05   2.30710444E-04   4.28504453E-02   1.15355222E-01   6.95972242E-05   1.73013861E-04   3.47986121E-02   8.65069306E-02
        25   9.08490400E-05   2.29173091E-04   4.54245200E-02   1.14586545E-01   7.09200209E-05   1.77421059E-04   3.54600105E-02   8.87105296E-02
        26   7.63417418E-05   2.22017579E-04   3.81708709E-02   1.11008789E-01   5.95312776E-05   1.75468300E-04   2.97656388E-02   8.77341502E-02
        27   7.96374518E-05   2.24702134E-04   3.98187259E-02   1.12351067E-01   6.09123870E-05   1.76683592E-04   3.04561935E-02   8.83417958E-02
        28   7.55540623E-05   2.24936037E-04   3.77770311E-02   1.12468018E-01   5.87561255E-05   1.80128379E-04   2.93780628E-02   9.00641893E-02
        29   7.29799952E-05   2.24634574E-04   3.64899976E-02   1.12317287E-01   5.71510863E-05   1.76389736E-04   2.85755431E-02   8.81948678E-02
        30   9.70438183E-05   2.29474671E-04   4.85219091E-02   1.14737335E-01   7.42315703E-05   1.64925542E-04   3.71157851E-02   8.24627711E-02
        31   8.59016152E-05   2.25933652E-04   4.29508076E-02   1.12966826E-01   6.66497060E-05   1.72716305E-04   3.33248530E-02   8.63581525E-02
        32   8.71104750E-05   2.22984863E-04   4.35552375E-02   1.11492431E-01   7.09495579E-05   1.64425295E-04   3.54747790E-02   8.22126477E-02
        33   1.20820530E-04   2.43459768E-04   6.04102652E-02   1.21729884E-01   9.95550993E-05   1.87551270E-04   4.97775497E-02   9.37756348E-02
        34   1.24832251E-04   2.37986552E-04   6.24161254E-02   1.18993276E-01   1.05808180E-04   1.84987722E-04   5.29040902E-02   9.24938612E-02
        35   6.80757848E-05   2.14068286E-04   3.40378924E-02   1.07034143E-01   5.34022362E-05   1.65797933E-04   2.67011181E-02   8.28989667E-02
        36   1.04172671E-04   2.21691998E-04   5.20863357E-02   1.10845999E-01   8.91338535E-05   1.71104665E-04   4.45669267E-02   8.55523326E-02
        37   8.50037903E-05   2.16387388E-04   4.25018952E-02   1.08193694E-01   6.53193168E-05   1.58341879E-04   3.26596584E-02   7.91709394E-02
        38   7.29042821E-05   2.12398371E-04   3.64521411E-02   1.06199185E-01   5.98836717E-05   1.57789563E-04   2.99418359E-02   7.88947815E-02
        39   6.60520547E-05   2.11791707E-04   3.30260274E-02   1.05895853E-01   5.16652233E-05   1.63796549E-04   2.58326117E-02   8.18982744E-02
        40   6.39822410E-05   2.12209187E-04   3.19911205E-02   1.06104594E-01   4.92186613E-05   1.64038786E-04   2.46093307E-02   8.20193929E-02
        41   7.09523201E-05   2.12559286E-04   3.54761601E-02   1.06279643E-01   5.54691465E-05   1.64531869E-04   2.77345732E-02   8.22659343E-02
        42   7.51937891E-05   2.18629410E-04   3.75968945E-02   1.09314705E-01   5.95476271E-05   1.77511232E-04   2.97738136E-02   8.87556162E-02
        43   7.97391236E-05   2.14714472E-04   3.98695618E-02   1.07357236E-01   6.25143313E-05   1.63164599E-04   3.12571656E-02   8.15822996E-02
        44   7.67010233E-05   2.13935083E-04   3.83505116E-02   1.06967542E-01   5.90969371E-05   1.61321465E-04   2.95484685E-02   8.06607326E-02
        45   6.44051243E-05   2.07423067E-04   3.22025622E-02   1.03711534E-01   5.10460254E-05   1.59094460E-04   2.55230127E-02   7.95472301E-02
        46   8.87167370E-05   2.19706902E-04   4.43583685E-02   1.09853451E-01   7.13610389E-05   1.70607663E-04   3.56805194E-02   8.53038317E-02
        47   6.78771284E-05   2.08166086E-04   3.39385642E-02   1.04083043E-01   5.49093386E-05   1.54651147E-04   2.74546693E-02   7.73255733E-02
        48   7.38915480E-05   2.11471678E-04   3.69457740E-02   1.05735839E-01   5.86156493E-05   1.66300220E-04   2.93078247E-02   8.31501101E-02
        49   6.49850332E-05   2.06895977E-04   3.24925166E-02   1.03447988E-01   5.09431731E-05   1.56284595E-04   2.54715866E-02   7.81422975E-02
        50   6.99391674E-05   2.05184889E-04   3.49695837E-02   1.02592444E-01   5.86725260E-05   1.52546496E-04   2.93362630E-02   7.62732478E-02
        51   8.19692326E-05   2.12126466E-04   4.09846163E-02   1.06063233E-01   6.50170961E-05   1.53637308E-04   3.25085481E-02   7.68186541E-02
        52   6.13308560E-05   2.05286129E-04   3.06654280E-02   1.02643065E-01   4.78308531E-05   1.60898919E-04   2.39154266E-02   8.04494593E-02
        53   8.12000540E-05   2.14433281E-04   4.06000270E-02   1.07216641E-01   6.39412797E-05   1.74524125E-04   3.19706399E-02   8.72620625E-02
        54   7.64257577E-05   2.10532104E-04   3.82128789E-02   1.05266052E-01   6.05608437E-05   1.54945849E-04   3.02804219E-02   7.74729246E-02
        55   7.28496272E-05   2.14394527E-04   3.64248136E-02   1.07197263E-01   5.95706792E-05   1.76568540E-04   2.97853396E-02   8.82842700E-02
        56   6.08367031E-05   2.07003500E-04   3.04183516E-02   1.03501750E-01   4.85688210E-05   1.62038359E-04   2.42844105E-02   8.10191793E-02
        57   6.38580328E-05   2.07580171E-04   3.19290164E-02   1.03790086E-01   4.94009074E-05   1.65260444E-04   2.47004537E-02   8.26302222E-02
        58   7.07616754E-05   2.06327131E-04   3.53808377E-02   1.03163566E-01   5.73652142E-05   1.49686079E-04   2.86826071E-02   7.48430395E-02
        59   5.87062888E-05   2.04111598E-04   2.93531444E-02   1.02055799E-01   4.61776277E-05   1.59451432E-04   2.30888138E-02   7.97257160E-02
        60   9.40684939E-05   2.13465842E-04   4.70342469E-02   1.06732921E-01   7.98712676E-05   1.71451807E-04   3.99356338E-02   8.57259037E-02
        61   6.79203038E-05   2.02592275E-04   3.39601519E-02   1.01296138E-01   5.65115259E-05   1.47905790E-04   2.82557630E-02   7.39528952E-02
        62   6.74955387E-05   2.06603593E-04   3.37477694E-02   1.03301797E-01   5.50774259E-05   1.68150809E-04   2.75387129E-02   8.40754046E-02
        63   1.09324500E-04   2.19528471E-04   5.46622501E-02   1.09764235E-01   9.60155850E-05   1.68546788E-04   4.80077925E-02   8.42733940E-02
        64   8.68021709E-05   2.18287948E-04   4.34010854E-02   1.09143974E-01   7.40184505E-05   1.82704849E-04   3.70092253E-02   9.13524245E-02
        65   6.64081375E-05   2.06069331E-04   3.32040688E-02   1.03034666E-01   5.07213763E-05   1.60723897E-04   2.53606881E-02   8.03619485E-02
        66   9.17930950E-05   2.15429136E-04   4.58965475E-02   1.07714568E-01   7.40436769E-05   1.56575721E-04   3.70218384E-02   7.82878603E-02
        67   9.48901614E-05   2.13917740E-04   4.74450807E-02   1.06958870E-01   7.98321471E-05   1.52822693E-04   3.99160735E-02   7.64113466E-02
        68   5.61190963E-05   2.01426944E-04   2.80595482E-02   1.00713472E-01   4.60158198E-05   1.47535388E-04   2.30079099E-02   7.37676939E-02
        69   6.58178391E-05   2.04631310E-04   3.29089196E-02   1.02315655E-01   4.98244986E-05   1.59125755E-04   2.49122493E-02   7.95628774E-02
        70   9.59886461E-05   2.14703210E-04   4.79943230E-02   1.07351605E-01   8.18923410E-05   1.56312852E-04   4.09461705E-02   7.81564261E-02
        71   5.70570555E-05   2.00713877E-04   2.85285278E-02   1.00356939E-01   4.54919160E-05   1.47827487E-04   2.27459580E-02   7.39137435E-02
        72   5.89751163E-05   2.01897044E-04   2.94875581E-02   1.00948522E-01   4.67187797E-05   1.50478400E-04   2.33593898E-02   7.52392000E-02
        73   6.86574887E-05   2.03930128E-04   3.43287444E-02   1.01965064E-01   5.50730249E-05   1.48719860E-04   2.75365124E-02   7.43599300E-02
        74   6.03465812E-05   2.03406618E-04   3.01732906E-02   1.01703309E-01   4.89807083E-05   1.47832832E-04   2.44903542E-02   7.39164162E-02
        75   7.79872434E-05   2.07441522E-04   3.89936217E-02   1.03720761E-01   6.38158859E-05   1.48721407E-04   3.19079429E-02   7.43607037E-02
        76   7.84070754E-05   2.08996577E-04   3.92035377E-02   1.04498288E-01   6.37147491E-05   1.49335261E-04   3.18573746E-02   7.46676307E-02
        77   8.74616884E-05   2.15832446E-04   4.37308442E-02   1.07916223E-01   7.07257243E-05   1.60761670E-04   3.53628622E-02   8.03808352E-02
        78   1.13910363E-04   2.22392298E-04   5.69551816E-02   1.11196149E-01   1.00312556E-04   1.60529676E-04   5.01562778E-02   8.02648380E-02
        79   7.18947052E-05   2.07985850E-04   3.59473526E-02   1.03992925E-01   5.99862302E-05   1.67927291E-04   2.99931151E-02   8.39636455E-02
        80   7.46089422E-05   2.06661912E-04   3.73044711E-02   1.03330956E-01   6.01833868E-05   1.59305079E-04   3.00916934E-02   7.96525395E-02
        81   5.84497132E-05   2.02004433E-04   2.92248566E-02   1.01002217E-01   4.72085888E-05   1.59582845E-04   2.36042944E-02   7.97914227E-02
        82   6.43857926E-05   2.06721295E-04   3.21928963E-02   1.03360648E-01   5.19059153E-05   1.68742880E-04   2.59529576E-02   8.43714401E-02
        83   5.65204102E-05   2.03015958E-04   2.82602051E-02   1.01507979E-01   4.47986954E-05   1.56307330E-04   2.23993477E-02   7.81536651E-02
        84   5.36863198E-05   2.02646888E-04   2.68431599E-02   1.01323444E-01   4.31399639E-05   1.59012532E-04   2.15699819E-02   7.95062658E-02
        85   8.79874823E-05   2.09432800E-04   4.39937412E-02   1.04716400E-01   7.15417609E-05   1.55590972E-04   3.57708805E-02   7.77954859E-02
        86   8.94141004E-05   2.12319520E-04   4.47070502E-02   1.06159760E-01   7.52419847E-05   1.50104951E-04   3.76209924E-02   7.50524757E-02
        87   1.06633570E-04   2.15743888E-04   5.33167852E-02   1.07871944E-01   9.48752999E-05   1.63657121E-04   4.74376499E-02   8.18285603E-02
        88   5.90265261E-05   2.02881455E-04   2.95132631E-02   1.01440728E-01   4.65098645E-05   1.56997804E-04   2.32549322E-02   7.84989021E-02
        89   8.43165401E-05   2.07199862E-04   4.21582700E-02   1.03599931E-01   7.13029424E-05   1.47756968E-04   3.56514712E-02   7.38784839E-02
        90   6.75579959E-05   2.00417834E-04   3.37789980E-02   1.00208917E-01   5.72046668E-05   1.48918721E-04   2.86023334E-02   7.44593606E-02
        91   4.99173276E-05   1.94666350E-04   2.49586638E-02   9.73331750E-02   3.95362969E-05   1.45346427E-04   1.97681485E-02   7.26732134E-02
        92   5.40243990E-05   1.95102513E-04   2.70121995E-02   9.75512563E-02   4.26829966E-05   1.48792884E-04   2.13414983E-02   7.43964419E-02
        93   6.63380281E-05   2.02102511E-04   3.31690140E-02   1.01051256E-01   5.21698526E-05   1.47274680E-04   2.60849263E-02   7.36373400E-02
        94   8.56657146E-05   2.08175889E-04   4.28328573E-02   1.04087945E-01   7.24102335E-05   1.47209268E-04   3.62051168E-02   7.36046340E-02
        95   5.29562799E-05   1.98587491E-04   2.64781400E-02   9.92937457E-02   4.32232122E-05   1.55077943E-04   2.16116061E-02   7.75389713E-02
        96   6.34427148E-05   1.99957623E-04   3.17213574E-02   9.99788117E-02   5.23754410E-05   1.42848975E-04   2.61877205E-02   7.14244877E-02
        97   5.87222472E-05   1.98737152E-04   2.93611236E-02   9.93685761E-02   4.63135920E-05   1.45587899E-04   2.31567960E-02   7.27939495E-02
        98   5.04111846E-05   1.95288433E-04   2.52055923E-02   9.76442163E-02   4.01956729E-05   1.43679064E-04   2.00978364E-02   7.18395320E-02
        99   7.24300563E-05   2.01868480E-04   3.62150281E-02   1.00934240E-01   5.56349429E-05   1.46817253E-04   2.78174714E-02   7.34086265E-02
       100   5.70448146E-05   1.99316945E-04   2.85224073E-02   9.96584726E-02   4.54069890E-05   1.55035967E-04   2.27034945E-02   7.75179837E-02
       101   5.48710205E-05   1.93859409E-04   2.74355102E-02   9.69297044E-02   4.36898685E-05   1.44532933E-04   2.18449343E-02   7.22664666E-02
       102   5.17243171E-05   1.97745443E-04   2.58621585E-02   9.88727216E-02   4.21114549E-05   1.44399039E-04   2.10557275E-02   7.21995196E-02
       103   5.08364495E-05   1.95427923E-04   2.54182247E-02   9.77139617E-02   4.02105995E-05   1.44693812E-04   2.01052997E-02   7.23469059E-02
       104   5.63695640E-05   1.94974630E-04   2.81847820E-02   9.74873148E-02   4.69766618E-05   1.39222045E-04   2.34883309E-02   6.96110225E-02
       105   6.92993143E-05   2.01822860E-04   3.46496571E-02   1.00911430E-01   5.81738732E-05   1.61946617E-04   2.90869366E-02   8.09733085E-02
       106   8.71039004E-05   2.05125373E-04   4.35519502E-02   1.02562686E-01   7.33096211E-05   1.58820806E-04   3.66548106E-02   7.94104028E-02
       107   5.82069814E-05   1.95911674E-04   2.91034907E-02   9.79558372E-02   4.57999748E-05   1.45216934E-04   2.28999874E-02   7.26084668E-02
       108   5.79632293E-05   1.98140088E-04   2.89816147E-02   9.90700440E-02   4.67801924E-05   1.55937805E-04   2.33900962E-02   7.79689025E-02
       109   5.69099471E-05   1.98422460E-04   2.84549735E-02   9.92112301E-02   4.56836677E-05   1.53794173E-04   2.28418338E-02   7.68970866E-02
       110   8.36309634E-05   2.04999082E-04   4.18154817E-02   1.02499541E-01   7.12381566E-05   1.60555483E-04   3.56190783E-02   8.02777414E-02
       111   5.03977016E-05   1.97892271E-04   2.51988508E-02   9.89461356E-02   3.90761215E-05   1.48109907E-04   1.95380607E-02   7.40549535E-02
       112   5.23664890E-05   1.95574222E-04   2.61832445E-02   9.77871108E-02   4.07714647E-05   1.43346996E-04   2.03857324E-02   7.16734980E-02
       113   6.15851062E-05   1.97012727E-04   3.07925531E-02   9.85063635E-02   5.08643070E-05   1.39770877E-04   2.54321535E-02   6.98854386E-02
       114   4.93562504E-05   1.94727494E-04   2.46781252E-02   9.73637468E-02   3.88370028E-05   1.44424445E-04   1.94185014E-02   7.22122224E-02
       115   4.77424755E-05   1.95435442E-04   2.38712377E-02   9.77177208E-02   3.76279928E-05   1.44793767E-04   1.88139964E-02   7.23968836E-02
       116   5.70969314E-05   1.98266911E-04   2.85484657E-02   9.91334553E-02   4.67539085E-05   1.57240884E-04   2.33769542E-02   7.86204421E-02
       117   5.30897217E-05   1.98085728E-04   2.65448608E-02   9.90428638E-02   4.23605442E-05   1.54098110E-04   2.11802721E-02   7.70490548E-02
       118   5.15599729E-05   1.98344998E-04   2.57799864E-02   9.91724991E-02   4.19018262E-05   1.55438480E-04   2.09509131E-02   7.77192400E-02
       119   4.79102745E-05   1.94462381E-04   2.39551373E-02   9.72311904E-02   3.75815396E-05   1.46406137E-04   1.87907698E-02   7.32030687E-02
       120   5.68478870E-05   1.97780413E-04   2.84239435E-02   9.88902067E-02   4.29437718E-05   1.49592452E-04   2.14718859E-02   7.47962258E-02
       121   4.97866415E-05   1.95387737E-04   2.48933208E-02   9.76938683E-02   3.94706625E-05   1.46801453E-04   1.97353313E-02   7.34007263E-02
       122   6.02421548E-05   1.95301398E-04   3.01210774E-02   9.76506991E-02   5.07173482E-05   1.41800956E-04   2.53586741E-02   7.09004778E-02
       123   5.78838915E-05   1.96866115E-04   2.89419458E-02   9.84330574E-02   4.58089034E-05   1.49796518E-04   2.29044517E-02   7.48982592E-02
       124   7.40087038E-05   2.03860553E-04   3.70043519E-02   1.01930276E-01   5.78593278E-05   1.54533812E-04   2.89296639E-02   7.72669060E-02
       125   5.33771774E-05   1.93636816E-04   2.66885887E-02   9.68184079E-02   4.18031055E-05   1.46139541E-04   2.09015528E-02   7.30697707E-02
       126   5.99649904E-05   1.98483249E-04   2.99824952E-02   9.92416243E-02   4.82637907E-05   1.53939395E-04   2.41318953E-02   7.69696976E-02
       127   5.36929004E-05   1.96242256E-04   2.68464502E-02   9.81211281E-02   4.38543938E-05   1.39668182E-04   2.19271969E-02   6.98340909E-02
       128   7.32639894E-05   2.02803126E-04   3.66319947E-02   1.01401563E-01   6.18804248E-05   1.66510822E-04   3.09402124E-02   8.32554109E-02
       129   5.05203002E-05   1.96153510E-04   2.52601501E-02   9.80767549E-02   3.97403268E-05   1.47898679E-04   1.98701634E-02   7.39493393E-02
       130   5.33294058E-05   1.99709526E-04   2.66647029E-02   9.98547632E-02   4.48877312E-05   1.59534898E-04   2.24438656E-02   7.97674489E-02
       131   7.29877326E-05   1.99685560E-04   3.64938663E-02   9.98427800E-02   6.09970658E-05   1.41826788E-04   3.04985329E-02   7.09133941E-02
       132   4.76282617E-05   1.89907363E-04   2.38141309E-02   9.49536817E-02   3.88853925E-05   1.38763568E-04   1.94426962E-02   6.93817840E-02
       133   7.17587830E-05   1.98190508E-04   3.58793915E-02   9.90952542E-02   5.91006327E-05   1.51819490E-04   2.95503164E-02   7.59097450E-02
       134   4.81656803E-05   1.90925173E-04   2.40828401E-02   9.54625867E-02   3.82750928E-05   1.40164777E-04   1.91375464E-02   7.00823887E-02
       135   5.63496399E-05   1.92989622E-04   2.81748199E-02   9.64948110E-02   4.56336132E-05   1.37226578E-04   2.28168066E-02   6.86132891E-02
       136   4.68433791E-05   1.92434715E-04   2.34216896E-02   9.62173577E-02   3.83025320E-05   1.39765351E-04   1.91512660E-02   6.98826757E-02
       137   5.51452042E-05   1.95675274E-04   2.75726021E-02   9.78376369E-02   4.21351431E-05   1.43770388E-04   2.10675716E-02   7.18851941E-02
       138   5.39438621E-05   1.96866286E-04   2.69719310E-02   9.84331429E-02   4.32379488E-05   1.53173354E-04   2.16189744E-02   7.65866772E-02
       139   6.55841183E-05   1.95207118E-04   3.27920591E-02   9.76035591E-02   5.47396839E-05   1.41890166E-04   2.73698419E-02   7.09450831E-02
       140   4.93397204E-05   1.90626503E-04   2.46698602E-02   9.53132516E-02   4.08676933E-05   1.35984580E-04   2.04338467E-02   6.79922902E-02
       141   4.68025364E-05   1.92033224E-04   2.34012682E-02   9.60166122E-02   3.76451778E-05   1.43587683E-04   1.88225889E-02   7.17938417E-02
       142   8.25934777E-05   2.01644449E-04   4.12967388E-02   1.00822224E-01   7.07474467E-05   1.50093371E-04   3.53737234E-02   7.50466854E-02
       143   6.29166799E-05   1.92080937E-04   3.14583399E-02   9.60404686E-02   5.15429370E-05   1.33184898E-04   2.57714685E-02   6.65924489E-02
       144   5.08966663E-05   1.92643588E-04   2.54483331E-02   9.63217939E-02   3.94609063E-05   1.40577740E-04   1.97304532E-02   7.02888702E-02
       145   5.24387155E-05   1.92550018E-04   2.62193578E-02   9.62750092E-02   4.30084089E-05   1.35638919E-04   2.15042045E-02   6.78194595E-02
       146   5.14073351E-05   1.94189193E-04   2.57036675E-02   9.70945964E-02   3.99687565E-05   1.43985544E-04   1.99843782E-02   7.19927720E-02
       147   4.88731409E-05   1.92691183E-04   2.44365704E-02   9.63455913E-02   3.81361730E-05   1.43788768E-04   1.90680865E-02   7.18943840E-02
       148   6.31802396E-05   1.96067042E-04   3.15901198E-02   9.80335209E-02   5.25145220E-05   1.40666220E-04   2.62572610E-02   7.03331100E-02
       149   5.65747825E-05   1.95833380E-04   2.82873913E-02   9.79166901E-02   4.30152869E-05   1.47794902E-04   2.15076435E-02   7.38974509E-02
       150   4.68609317E-05   1.91126004E-04   2.34304658E-02   9.55630021E-02   3.84074060E-05   1.35758240E-04   1.92037030E-02   6.78791199E-02
       151   5.12731580E-05   1.95450801E-04   2.56365790E-02   9.77254003E-02   4.14217821E-05   1.51068234E-04   2.07108911E-02   7.55341171E-02
       152   5.72364368E-05   1.92396040E-04   2.86182184E-02   9.61980201E-02   4.67601855E-05   1.35932198E-04   2.33800928E-02   6.79660989E-02
       153   7.52915880E-05   1.99910215E-04   3.76457940E-02   9.99551073E-02   6.41044048E-05   1.46543222E-04   3.20522024E-02   7.32716108E-02
       154   4.99630400E-05   1.91987346E-04   2.49815200E-02   9.59936731E-02   3.92403749E-05   1.44887200E-04   1.96201874E-02   7.24436000E-02
       155   5.33112550E-05   1.95936304E-04   2.66556275E-02   9.79681519E-02   4.45871490E-05   1.55425766E-04   2.22935745E-02   7.77128831E-02
       156   5.85892334E-05   1.93981718E-04   2.92946167E-02   9.69908590E-02   4.66840973E-05   1.36689506E-04   2.33420486E-02   6.83447530E-02
       157   5.15750794E-05   1.89568650E-04   2.57875397E-02   9.47843251E-02   4.19393559E-05   1.33968744E-04   2.09696780E-02   6.69843720E-02
       158   4.63215908E-05   1.91227961E-04   2.31607954E-02   9.56139804E-02   3.67949505E-05   1.40071475E-04   1.83974753E-02   7.00357377E-02
       159   4.73987430E-05   1.91298038E-04   2.36993715E-02   9.56490188E-02   3.75521979E-05   1.41938800E-04   1.87760990E-02   7.09694001E-02
       160   5.06292996E-05   1.91106205E-04   2.53146498E-02   9.55531023E-02   4.14475886E-05   1.35478029E-04   2.07237943E-02   6.77390143E-02
       161   5.12527706E-05   1.89904363E-04   2.56263853E-02   9.49521816E-02   4.04052787E-05   1.42884506E-04   2.02026394E-02   7.14422528E-02
       162   4.53131528E-05   1.89101500E-04   2.26565764E-02   9.45507499E-02   3.69975554E-05   1.36284116E-04   1.84987777E-02   6.81420580E-02
       163   5.12841658E-05   1.92201210E-04   2.56420829E-02   9.61006052E-02   4.14912150E-05   1.36416481E-04   2.07456075E-02   6.82082407E-02
       164   8.98003090E-05   2.10891103E-04   4.49001545E-02   1.05445551E-01   7.69717349E-05   1.78101297E-04   3.84858675E-02   8.90506485E-02
       165   8.64410430E-05   2.01671835E-04   4.32205215E-02   1.00835918E-01   7.54650340E-05   1.48315227E-04   3.77325170E-02   7.41576135E-02
       166   7.33914623E-05   2.00190561E-04   3.66957312E-02   1.00095280E-01   5.75537529E-05   1.44560960E-04   2.87768764E-02   7.22804800E-02
       167   6.27160131E-05   1.96158862E-04   3.13580065E-02   9.80794311E-02   5.15919492E-05   1.50645072E-04   2.57959746E-02   7.53225362E-02
       168   8.22336240E-05   2.05176332E-04   4.11168120E-02   1.02588166E-01   7.11199185E-05   1.69971072E-04   3.55599593E-02   8.49855360E-02
       169   5.32893213E-05   1.92970737E-04   2.66446607E-02   9.64853686E-02   4.11078739E-05   1.40462023E-04   2.05539370E-02   7.02310114E-02
       170   8.24757038E-05   2.01375504E-04   4.12378519E-02   1.00687752E-01   7.13101081E-05   1.39667055E-04   3.56550540E-02   6.98335276E-02
       171   4.79902459E-05   1.89216193E-04   2.39951229E-02   9.46080965E-02   3.84793412E-05   1.34498320E-04   1.92396706E-02   6.72491602E-02
       172   1.29480610E-04   2.29637112E-04   6.47403048E-02   1.14818556E-01   1.20934871E-04   1.93238134E-04   6.04674356E-02   9.66190670E-02
       173   4.43325080E-05   1.89056838E-04   2.21662540E-02   9.45284190E-02   3.62845308E-05   1.36775862E-04   1.81422654E-02   6.83879311E-02
       174   7.22015318E-05   1.97260957E-04   3.61007659E-02   9.86304783E-02   6.05817450E-05   1.36686876E-04   3.02908725E-02   6.83434379E-02
       175   5.12560762E-05   1.91047426E-04   2.56280381E-02   9.55237131E-02   4.21381549E-05   1.34301527E-04   2.10690774E-02   6.71507633E-02
       176   5.08705489E-05   1.91946773E-04   2.54352745E-02   9.59733866E-02   3.96989259E-05   1.37390098E-04   1.98494630E-02   6.86950488E-02
       177   4.62633245E-05   1.90861060E-04   2.31316623E-02   9.54305300E-02   3.71621475E-05   1.40963734E-04   1.85810738E-02   7.04818671E-02
       178   5.47741453E-05   1.89028121E-04   2.73870726E-02   9.45140607E-02   4.46428993E-05   1.31011534E-04   2.23214496E-02   6.55057669E-02
       179   4.46521901E-05   1.92756007E-04   2.23260950E-02   9.63780036E-02   3.62708245E-05   1.41739323E-04   1.81354122E-02   7.08696613E-02
       180   7.03127522E-05   1.97094501E-04   3.51563761E-02   9.85472503E-02   5.94871621E-05   1.43398062E-04   2.97435810E-02   7.16990308E-02
       181   5.72182132E-05   1.93695771E-04   2.86091066E-02   9.68478854E-02   4.53367223E-05   1.37849060E-04   2.26683611E-02   6.89245298E-02
       182   6.76068745E-05   1.96300795E-04   3.38034373E-02   9.81503976E-02   5.57898213E-05   1.37280739E-04   2.78949106E-02   6.86403695E-02
       183   4.98919871E-05   1.89847148E-04   2.49459935E-02   9.49235738E-02   3.82915132E-05   1.39824618E-04   1.91457566E-02   6.99123088E-02
       184   4.61068215E-05   1.89749397E-04   2.30534107E-02   9.48746986E-02   3.63467406E-05   1.40424605E-04   1.81733703E-02   7.02123024E-02
       185   5.99107947E-05   1.94456350E-04   2.99553973E-02   9.72281751E-02   4.76108495E-05   1.38065671E-04   2.38054248E-02   6.90328355E-02
       186   5.79369001E-05   1.94892545E-04   2.89684500E-02   9.74462724E-02   4.76934152E-05   1.52803193E-04   2.38467076E-02   7.64015965E-02
       187   4.52808130E-05   1.89361531E-04   2.26404065E-02   9.46807656E-02   3.73708432E-05   1.34525280E-04   1.86854216E-02   6.72626400E-02
       188   7.00103264E-05   1.96846502E-04   3.50051632E-02   9.84232510E-02   5.66298794E-05   1.36659528E-04   2.83149397E-02   6.83297638E-02
       189   5.15092284E-05   1.87399092E-04   2.57546142E-02   9.36995459E-02   4.31134540E-05   1.30793986E-04   2.15567270E-02   6.53969932E-02
       190   4.57325154E-05   1.88683320E-04   2.28662577E-02   9.43416598E-02   3.61374110E-05   1.37746795E-04   1.80687055E-02   6.88733974E-02
       191   8.26876914E-05   1.99076018E-04   4.13438457E-02   9.95380091E-02   7.13006618E-05   1.54998834E-04   3.56503309E-02   7.74994168E-02
       192   6.60491121E-05   1.92297119E-04   3.30245560E-02   9.61485595E-02   5.36598705E-05   1.42132784E-04   2.68299353E-02   7.10663922E-02
       193   6.98048185E-05   1.95473868E-04   3.49024093E-02   9.77369339E-02   5.55110893E-05   1.36936816E-04   2.77555446E-02   6.84684078E-02
       194   5.71535961E-05   1.97788034E-04   2.85767980E-02   9.88940170E-02   4.73139980E-05   1.59314932E-04   2.36569990E-02   7.96574662E-02
       195   6.95361081E-05   1.96219657E-04   3.47680541E-02   9.81098287E-02   5.81523667E-05   1.35116941E-04   2.90761833E-02   6.75584706E-02
       196   4.96869084E-05   1.92268300E-04   2.48434542E-02   9.61341500E-02   3.98577959E-05   1.46447702E-04   1.99288979E-02   7.32238510E-02
       197   4.95264381E-05   1.90230411E-04   2.47632191E-02   9.51152054E-02   4.02984005E-05   1.32830036E-04   2.01492002E-02   6.64150178E-02
       198   6.43041684E-05   1.97800657E-04   3.21520842E-02   9.89003285E-02   5.37678837E-05   1.59306151E-04   2.68839419E-02   7.96530754E-02
       199   5.57250082E-05   1.92060406E-04   2.78625041E-02   9.60302031E-02   4.40054039E-05   1.35997497E-04   2.20027019E-02   6.79987484E-02
       200   4.81279318E-05   1.89444959E-04   2.40639659E-02   9.47224797E-02   3.71847227E-05   1.41097591E-04   1.85923614E-02   7.05487956E-02
       201   5.66527569E-05   1.90554538E-04   2.83263785E-02   9.52772691E-02   4.69045032E-05   1.51056226E-04   2.34522516E-02   7.55281130E-02
       202   4.89081967E-05   1.90302818E-04   2.44540984E-02   9.51514090E-02   4.01503833E-05   1.45660691E-04   2.00751916E-02   7.28303455E-02
       203   4.35034979E-05   1.87310742E-04   2.17517489E-02   9.36553708E-02   3.50651701E-05   1.38078410E-04   1.75325850E-02   6.90392048E-02
       204   5.98553456E-05   1.96331713E-04   2.99276728E-02   9.81658567E-02   4.92644756E-05   1.58656872E-04   2.46322378E-02   7.93284362E-02
       205   5.64702136E-05   1.90472692E-04   2.82351068E-02   9.52363459E-02   4.54872957E-05   1.44414931E-04   2.27436478E-02   7.22074656E-02
       206   4.42127587E-05   1.89611576E-04   2.21063793E-02   9.48057879E-02   3.58832736E-05   1.41063395E-04   1.79416368E-02   7.05316975E-02
       207   4.26414095E-05   1.87405747E-04   2.13207047E-02   9.37028733E-02   3.50747790E-05   1.33318409E-04   1.75373895E-02   6.66592045E-02
       208   4.43694000E-05   1.87593287E-04   2.21847000E-02   9.37966437E-02   3.51294123E-05   1.38639769E-04   1.75647061E-02   6.93198843E-02
       209   4.65594771E-05   1.87867926E-04   2.32797386E-02   9.39339628E-02   3.69209146E-05   1.34512797E-04   1.84604573E-02   6.72563987E-02
       210   5.70509081E-05   1.92168555E-04   2.85254541E-02   9.60842773E-02   4.50880763E-05   1.37557287E-04   2.25440381E-02   6.87786436E-02
       211   4.50620678E-05   1.85712687E-04   2.25310339E-02   9.28563434E-02   3.69951778E-05   1.29402792E-04   1.84975889E-02   6.47013958E-02
       212   5.13164372E-05   1.88576478E-04   2.56582186E-02   9.42882392E-02   3.94877557E-05   1.35342495E-04   1.97438778E-02   6.76712473E-02
       213   4.43787548E-05   1.84514307E-04   2.21893774E-02   9.22571534E-02   3.54221957E-05   1.33841437E-04   1.77110979E-02   6.69207187E-02
       214   4.56564950E-05   1.87885466E-04   2.28282475E-02   9.39427332E-02   3.59588209E-05   1.34755877E-04   1.79794104E-02   6.73779384E-02
       215   6.49021109E-05   1.88809430E-04   3.24510554E-02   9.44047148E-02   5.29742583E-05   1.33765350E-04   2.64871292E-02   6.68826752E-02
       216   5.22684759E-05   1.89750395E-04   2.61342379E-02   9.48751977E-02   4.31697863E-05   1.48941375E-04   2.15848932E-02   7.44706874E-02
       217   4.66810138E-05   1.87505843E-04   2.33405069E-02   9.37529213E-02   3.75321596E-05   1.39015074E-04   1.87660798E-02   6.95075372E-02
       218   4.97965737E-05   1.86988203E-04   2.48982869E-02   9.34941013E-02   3.95053144E-05   1.31456696E-04   1.97526572E-02   6.57283480E-02
       219   5.00312031E-05   1.89026077E-04   2.50156015E-02   9.45130385E-02   3.90686298E-05   1.40475679E-04   1.95343149E-02   7.02378395E-02
       220   5.33536781E-05   1.89024584E-04   2.66768390E-02   9.45122921E-02   4.39815195E-05   1.31219420E-04   2.19907598E-02   6.56097101E-02
       221   5.55607929E-05   1.87442843E-04   2.77803964E-02   9.37214213E-02   4.38742390E-05   1.38649081E-04   2.19371195E-02   6.93245404E-02
       222   4.76861466E-05   1.85790453E-04   2.38430733E-02   9.28952267E-02   3.90357470E-05   1.30540605E-04   1.95178735E-02   6.52703027E-02
       223   6.14603443E-05   1.93809516E-04   3.07301721E-02   9.69047582E-02   4.94957962E-05   1.41576783E-04   2.47478981E-02   7.07883914E-02
       224   4.57627367E-05   1.86421796E-04   2.28813684E-02   9.32108982E-02   3.60072265E-05   1.32504804E-04   1.80036133E-02   6.62524019E-02
       225   6.41340571E-05   1.96323410E-04   3.20670285E-02   9.81617050E-02   5.30341667E-05   1.51907728E-04   2.65170833E-02   7.59538638E-02
       226   7.73767616E-05   1.94655056E-04   3.86883808E-02   9.73275278E-02   6.45418866E-05   1.33359933E-04   3.22709433E-02   6.66799666E-02
       227   4.30220119E-05   1.86154583E-04   2.15110059E-02   9.30772916E-02   3.53282746E-05   1.32070647E-04   1.76641373E-02   6.60353233E-02
       228   4.74253290E-05   1.86968778E-04   2.37126645E-02   9.34843889E-02   3.79988128E-05   1.31504638E-04   1.89994064E-02   6.57523191E-02
       229   5.00121571E-05   1.89311902E-04   2.50060785E-02   9.46559509E-02   3.92480942E-05   1.34372353E-04   1.96240471E-02   6.71861763E-02
       230   5.41141446E-05   1.88790173E-04   2.70570723E-02   9.43950865E-02   4.34801586E-05   1.44146967E-04   2.17400793E-02   7.20734833E-02
       231   8.93043359E-05   2.02778052E-04   4.46521680E-02   1.01389026E-01   7.81535619E-05   1.56338489E-04   3.90767810E-02   7.81692447E-02
       232   6.03077487E-05   1.89364810E-04   3.01538743E-02   9.46824051E-02   5.03738059E-05   1.34311805E-04   2.51869029E-02   6.71559024E-02
       233   6.09269559E-05   1.94957447E-04   3.04634780E-02   9.74787233E-02   4.93733980E-05   1.57754549E-04   2.46866990E-02   7.88772747E-02
       234   1.07789294E-04   2.11596906E-04   5.38946469E-02   1.05798453E-01   9.92480725E-05   1.74854140E-04   4.96240362E-02   8.74270702E-02
       235   4.84405653E-05   1.87172428E-04   2.42202826E-02   9.35862140E-02   3.85250707E-05   1.42473172E-04   1.92625354E-02   7.12365858E-02
       236   7.06637211E-05   1.96498649E-04   3.53318605E-02   9.82493245E-02   6.03793942E-05   1.56959589E-04   3.01896971E-02   7.84797947E-02
       237   8.05952562E-05   1.95469845E-04   4.02976281E-02   9.77349227E-02   6.99162598E-05   1.44064659E-04   3.49581299E-02   7.20323296E-02
       238   5.18162985E-05   1.87125470E-04   2.59081492E-02   9.35627348E-02   4.24527338E-05   1.46152714E-04   2.12263669E-02   7.30763570E-02
       239   7.03590405E-05   1.92234187E-04   3.51795202E-02   9.61170936E-02   6.02323261E-05   1.38789827E-04   3.01161631E-02   6.93949134E-02
       240   4.24635403E-05   1.87710787E-04   2.12317701E-02   9.38553936E-02   3.45873605E-05   1.37165428E-04   1.72936802E-02   6.85827141E-02
       241   4.47782641E-05   1.87326627E-04   2.23891320E-02   9.36633136E-02   3.61034646E-05   1.41861879E-04   1.80517323E-02   7.09309396E-02
       242   7.43690284E-05   1.96330263E-04   3.71845142E-02   9.81651316E-02   5.97840775E-05   1.42323736E-04   2.98920388E-02   7.11618678E-02
       243   4.74740903E-05   1.87225812E-04   2.37370451E-02   9.36129060E-02   3.67962189E-05   1.34858415E-04   1.83981095E-02   6.74292073E-02
       244   7.24846712E-05   1.98284682E-04   3.62423356E-02   9.91423408E-02   6.19311873E-05   1.60467143E-04   3.09655936E-02   8.02335715E-02
       245   6.24475052E-05   1.89559617E-04   3.12237526E-02   9.47798085E-02   5.13669501E-05   1.32763712E-04   2.56834750E-02   6.63818558E-02
       246   5.00686758E-05   1.86287814E-04   2.50343379E-02   9.31439072E-02   3.88665065E-05   1.32132808E-04   1.94332532E-02   6.60664041E-02
       247   4.87159738E-05   1.86950601E-04   2.43579869E-02   9.34753003E-02   3.81889271E-05   1.36263012E-04   1.90944636E-02   6.81315059E-02
       248   5.66350647E-05   1.88449769E-04   2.83175324E-02   9.42248846E-02   4.51185479E-05   1.39826133E-04   2.25592739E-02   6.99130667E-02
       249   4.77556059E-05   1.87116460E-04   2.38778030E-02   9.35582299E-02   3.85666908E-05   1.42799475E-04   1.92833454E-02   7.13997377E-02
       250   5.03211191E-05   1.88421498E-04   2.51605596E-02   9.42107492E-02   3.94407373E-05   1.37653783E-04   1.97203686E-02   6.88268913E-02
       251   5.10235827E-05   1.90101975E-04   2.55117914E-02   9.50509874E-02   4.12387644E-05   1.47053129E-04   2.06193822E-02   7.35265646E-02
       252   4.84730554E-05   1.89006312E-04   2.42365277E-02   9.45031558E-02   3.83732321E-05   1.41426966E-04   1.91866160E-02   7.07134831E-02
       253   4.99481098E-05   1.88920604E-04   2.49740549E-02   9.44603021E-02   3.88840447E-05   1.39177823E-04   1.94420224E-02   6.95889117E-02
       254   5.08400993E-05   1.87690958E-04   2.54200496E-02   9.38454789E-02   3.96155714E-05   1.31770099E-04   1.98077857E-02   6.58850496E-02
       255   4.42921469E-05   1.86732670E-04   2.21460734E-02   9.33663352E-02   3.49026112E-05   1.34394356E-04   1.74513056E-02   6.71971778E-02
       256   4.24669154E-05   1.88991379E-04   2.12334577E-02   9.44956893E-02   3.42737940E-05   1.36338183E-04   1.71368970E-02   6.81690916E-02
       257   6.71877645E-05   1.98009870E-04   3.35938823E-02   9.90049351E-02   5.54122126E-05   1.57614134E-04   2.77061063E-02   7.88070672E-02
       258   5.94646298E-05   1.89030905E-04   2.97323149E-02   9.45154524E-02   4.98548358E-05   1.31348976E-04   2.49274179E-02   6.56744881E-02
       259   4.70522235E-05   1.85628424E-04   2.35261117E-02   9.28142119E-02   3.69986917E-05   1.30700451E-04   1.84993458E-02   6.53502255E-02
       260   4.36079757E-05   1.83962008E-04   2.18039878E-02   9.19810039E-02   3.42292329E-05   1.34625623E-04   1.71146165E-02   6.73128113E-02
       261   6.14456433E-05   1.89709110E-04   3.07228217E-02   9.48545550E-02   5.16520218E-05   1.31685318E-04   2.58260109E-02   6.58426589E-02
       262   4.38431647E-05   1.88757138E-04   2.19215823E-02   9.43785692E-02   3.51990136E-05   1.39462114E-04   1.75995068E-02   6.97310569E-02
       263   4.21579536E-05   1.83509356E-04   2.10789768E-02   9.17546780E-02   3.36007312E-05   1.33612808E-04   1.68003656E-02   6.68064041E-02
       264   7.14193404E-05   1.91181488E-04   3.57096702E-02   9.55907442E-02   5.74067502E-05   1.34850193E-04   2.87033751E-02   6.74250963E-02
       265   5.49003882E-05   1.89394015E-04   2.74501941E-02   9.46970073E-02   4.43055302E-05   1.43632482E-04   2.21527651E-02   7.18162410E-02
       266   5.42808535E-05   1.86609117E-04   2.71404267E-02   9.33045585E-02   4.39126510E-05   1.28587236E-04   2.19563255E-02   6.42936179E-02
       267   5.56150530E-05   1.90048355E-04   2.78075265E-02   9.50241777E-02   4.36410920E-05   1.42115173E-04   2.18205460E-02   7.10575866E-02
       268   4.82015962E-05   1.88084101E-04   2.41007981E-02   9.40420505E-02   3.78017403E-05   1.38647914E-04   1.89008701E-02   6.93239572E-02
       269   7.87298064E-05   1.97454854E-04   3.93649032E-02   9.87274270E-02   6.82901350E-05   1.42217490E-04   3.41450675E-02   7.11087452E-02
       270   4.66540679E-05   1.84958179E-04   2.33270340E-02   9.24790897E-02   3.63835911E-05   1.33824262E-04   1.81917955E-02   6.69121312E-02
       271   5.00236032E-05   1.88937334E-04   2.50118016E-02   9.44686672E-02   4.14462594E-05   1.47713936E-04   2.07231297E-02   7.38569679E-02
       272   6.86679715E-05   1.90923060E-04   3.43339858E-02   9.54615302E-02   5.71510844E-05   1.30033752E-04   2.85755422E-02   6.50168761E-02
       273   4.08898265E-05   1.82214583E-04   2.04449132E-02   9.11072914E-02   3.34444258E-05   1.28331200E-04   1.67222129E-02   6.41656002E-02
       274   4.06170378E-05   1.83682500E-04   2.03085189E-02   9.18412498E-02   3.21834318E-05   1.32606200E-04   1.60917159E-02   6.63031000E-02
       275   5.92231023E-05   1.90498925E-04   2.96115511E-02   9.52494627E-02   4.82249941E-05   1.43086196E-04   2.41124970E-02   7.15430978E-02
       276   5.06152269E-05   1.85514521E-04   2.53076135E-02   9.27572603E-02   4.11036667E-05   1.28324320E-04   2.05518333E-02   6.41621601E-02
       277   6.21967126E-05   1.89800011E-04   3.10983563E-02   9.49000057E-02   4.97071452E-05   1.39448878E-04   2.48535726E-02   6.97244390E-02
       278   7.56261753E-05   1.94997935E-04   3.78130876E-02   9.74989677E-02   6.22333267E-05   1.33593552E-04   3.11166634E-02   6.67967759E-02
       279   7.55025136E-05   1.93969494E-04   3.77512568E-02   9.69847472E-02   6.55042034E-05   1.50662207E-04   3.27521017E-02   7.53311034E-02
       280   4.31882440E-05   1.84572220E-04   2.15941220E-02   9.22861100E-02   3.39613081E-05   1.36429491E-04   1.69806540E-02   6.82147454E-02
       281   5.21933128E-05   1.88319656E-04   2.60966564E-02   9.41598279E-02   4.19247171E-05   1.43109361E-04   2.09623585E-02   7.15546804E-02
       282   4.80055267E-05   1.88845652E-04   2.40027634E-02   9.44228262E-02   3.87141665E-05   1.44530520E-04   1.93570832E-02   7.22652601E-02
       283   4.09747080E-05   1.86864556E-04   2.04873540E-02   9.34322778E-02   3.27891193E-05   1.36767135E-04   1.63945596E-02   6.83835676E-02
       284   8.07560013E-05   2.00101591E-04   4.03780006E-02   1.00050795E-01   7.09918221E-05   1.55884865E-04   3.54959111E-02   7.79424323E-02
       285   4.50564582E-05   1.86503608E-04   2.25282291E-02   9.32518040E-02   3.69220816E-05   1.28813911E-04   1.84610408E-02   6.44069555E-02
       286   6.86906852E-05   1.94299001E-04   3.43453426E-02   9.71495007E-02   5.48388523E-05   1.39005176E-04   2.74194261E-02   6.95025878E-02
       287   4.56201589E-05   1.88302831E-04   2.28100795E-02   9.41514157E-02   3.57158462E-05   1.35822969E-04   1.78579231E-02   6.79114845E-02
       288   5.07795100E-05   1.89608019E-04   2.53897550E-02   9.48040097E-02   4.16822465E-05   1.45248334E-04   2.08411233E-02   7.26241669E-02
       289   4.23091922E-05   1.84392557E-04   2.11545961E-02   9.21962784E-02   3.32561992E-05   1.35664875E-04   1.66280996E-02   6.78324376E-02
       290   4.67460981E-05   1.83589278E-04   2.33730491E-02   9.17946389E-02   3.88746288E-05   1.27994370E-04   1.94373144E-02   6.39971852E-02
       291   4.42664164E-05   1.85147420E-04   2.21332082E-02   9.25737101E-02   3.73803089E-05   1.29315513E-04   1.86901544E-02   6.46577563E-02
       292   5.16786748E-05   1.86653971E-04   2.58393374E-02   9.33269857E-02   4.16626473E-05   1.41779153E-04   2.08313236E-02   7.08895765E-02
       293   4.58545999E-05   1.88308057E-04   2.29272999E-02   9.41540287E-02   3.75954696E-05   1.43238916E-04   1.87977348E-02   7.16194581E-02
       294   5.16939469E-05   1.86843251E-04   2.58469735E-02   9.34216255E-02   4.00868176E-05   1.32288879E-04   2.00434088E-02   6.61444395E-02
       295   3.97900353E-05   1.84571886E-04   1.98950177E-02   9.22859428E-02   3.21415852E-05   1.31696951E-04   1.60707926E-02   6.58484756E-02
       296   6.70344673E-05   1.93666258E-04   3.35172337E-02   9.68331290E-02   5.45814226E-05   1.32062519E-04   2.72907113E-02   6.60312596E-02
       297   4.15517161E-05   1.84741670E-04   2.07758580E-02   9.23708350E-02   3.27468851E-05   1.32281856E-04   1.63734426E-02   6.61409282E-02
       298   5.57808055E-05   1.87660245E-04   2.78904027E-02   9.38301223E-02   4.53780476E-05   1.29103900E-04   2.26890238E-02   6.45519500E-02
       299   5.19217291E-05   1.86173199E-04   2.59608646E-02   9.30865993E-02   4.03885508E-05   1.35390394E-04   2.01942754E-02   6.76951968E-02
       300   4.47562711E-05   1.81095479E-04   2.23781355E-02   9.05477393E-02   3.55959328E-05   1.34769391E-04   1.77979664E-02   6.73846955E-02
       301   5.28852541E-05   1.85377875E-04   2.64426270E-02   9.26889377E-02   4.16122736E-05   1.31340043E-04   2.08061368E-02   6.56700215E-02
       302   4.05083771E-05   1.83435739E-04   2.02541885E-02   9.17178694E-02   3.29261376E-05   1.30379283E-04   1.64630688E-02   6.51896413E-02
       303   6.54463880E-05   1.89637568E-04   3.27231940E-02   9.48187839E-02   5.25492285E-05   1.33812298E-04   2.62746142E-02   6.69061490E-02
       304   4.19174343E-05   1.84415420E-04   2.09587172E-02   9.22077102E-02   3.36764395E-05   1.37203585E-04   1.68382198E-02   6.86017927E-02
       305   4.17764541E-05   1.82513225E-04   2.08882271E-02   9.12566123E-02   3.37146341E-05   1.29472911E-04   1.68573170E-02   6.47364554E-02
       306   4.16430080E-05   1.84664857E-04   2.08215040E-02   9.23324286E-02   3.36239188E-05   1.32217721E-04   1.68119594E-02   6.61088607E-02
       307   6.35414776E-05   1.90782709E-04   3.17707388E-02   9.53913543E-02   5.15940838E-05   1.31908360E-04   2.57970419E-02   6.59541799E-02
       308   4.36316335E-05   1.83946606E-04   2.18158168E-02   9.19733031E-02   3.49292520E-05   1.36970511E-04   1.74646260E-02   6.84852557E-02
       309   5.11967378E-05   1.86205964E-04   2.55983689E-02   9.31029821E-02   4.06267674E-05   1.38306838E-04   2.03133837E-02   6.91534188E-02
       310   5.16066915E-05   1.83718246E-04   2.58033458E-02   9.18591228E-02   4.07924909E-05   1.34367915E-04   2.03962454E-02   6.71839574E-02
       311   4.80984579E-05   1.84887555E-04   2.40492289E-02   9.24437774E-02   3.87902147E-05   1.41569178E-04   1.93951074E-02   7.07845889E-02
       312   5.16508860E-05   1.84314274E-04   2.58254430E-02   9.21571370E-02   4.24510939E-05   1.27132919E-04   2.12255469E-02   6.35664593E-02
       313   4.59232080E-05   1.86427647E-04   2.29616040E-02   9.32138235E-02   3.71377264E-05   1.42316910E-04   1.85688632E-02   7.11584552E-02
       314   4.22853069E-05   1.85204499E-04   2.11426535E-02   9.26022494E-02   3.29578451E-05   1.35414958E-04   1.64789225E-02   6.77074789E-02
       315   4.10525921E-05   1.83369235E-04   2.05262960E-02   9.16846176E-02   3.41802233E-05   1.28333335E-04   1.70901116E-02   6.41666673E-02
       316   5.79469040E-05   1.87509119E-04   2.89734520E-02   9.37545593E-02   4.62522107E-05   1.30610719E-04   2.31261053E-02   6.53053595E-02
       317   8.46093892E-05   1.94632541E-04   4.23046946E-02   9.73162704E-02   7.50586161E-05   1.41632147E-04   3.75293080E-02   7.08160735E-02
       318   4.84186149E-05   1.84859461E-04   2.42093074E-02   9.24297306E-02   3.75307913E-05   1.31514647E-04   1.87653956E-02   6.57573233E-02
       319   3.94469561E-05   1.83093023E-04   1.97234781E-02   9.15465114E-02   3.21678502E-05   1.28832419E-04   1.60839251E-02   6.44162096E-02
       320   4.35508861E-05   1.84437227E-04   2.17754431E-02   9.22186134E-02   3.61600305E-05   1.28033832E-04   1.80800153E-02   6.40169158E-02
       321   4.90213823E-05   1.84629880E-04   2.45106911E-02   9.23149402E-02   4.10149030E-05   1.27223047E-04   2.05074515E-02   6.36115236E-02
       322   4.09149705E-05   1.82592241E-04   2.04574853E-02   9.12961205E-02   3.32597956E-05   1.30733275E-04   1.66298978E-02   6.53666376E-02
       323   4.34924299E-05   1.83607122E-04   2.17462150E-02   9.18035609E-02   3.58393779E-05   1.26736988E-04   1.79196889E-02   6.33684939E-02
       324   5.18031062E-05   1.87910920E-04   2.59015531E-02   9.39554598E-02   4.05922138E-05   1.37778110E-04   2.02961069E-02   6.88890551E-02
       325   4.86581121E-05   1.84463908E-04   2.43290561E-02   9.22319542E-02   3.98520999E-05   1.26386829E-04   1.99260500E-02   6.31934144E-02
       326   4.56944169E-05   1.83759855E-04   2.28472085E-02   9.18799274E-02   3.68451669E-05   1.27378542E-04   1.84225835E-02   6.36892710E-02
       327   6.34952152E-05   1.89839247E-04   3.17476076E-02   9.49196235E-02   5.29763697E-05   1.30690888E-04   2.64881849E-02   6.53454438E-02
       328   7.01658669E-05   1.89325931E-04   3.50829334E-02   9.46629657E-02   5.87807509E-05   1.28428884E-04   2.93903755E-02   6.42144419E-02
       329   5.17310064E-05   1.89136152E-04   2.58655032E-02   9.45680762E-02   4.28125850E-05   1.50075108E-04   2.14062925E-02   7.50375539E-02
       330   5.10476147E-05   1.85950847E-04   2.55238074E-02   9.29754234E-02   4.10508829E-05   1.41286696E-04   2.05254414E-02   7.06433482E-02
       331   4.16651442E-05   1.81956419E-04   2.08325721E-02   9.09782097E-02   3.40076841E-05   1.27064784E-04   1.70038421E-02   6.35323921E-02
       332   4.33424879E-05   1.80199942E-04   2.16712440E-02   9.00999709E-02   3.40606355E-05   1.33950878E-04   1.70303177E-02   6.69754388E-02
       333   4.80820568E-05   1.82156136E-04   2.40410284E-02   9.10780681E-02   3.75897731E-05   1.34672651E-04   1.87948866E-02   6.73363257E-02
       334   5.91066432E-05   1.89058673E-04   2.95533216E-02   9.45293363E-02   4.90775207E-05   1.46218112E-04   2.45387604E-02   7.31090559E-02
       335   4.01334351E-05   1.80099462E-04   2.00667175E-02   9.00497309E-02   3.16058850E-05   1.30896321E-04   1.58029425E-02   6.54481606E-02
       336   6.20109210E-05   1.89588164E-04   3.10054605E-02   9.47940822E-02   5.19928762E-05   1.50766610E-04   2.59964381E-02   7.53833049E-02
       337   4.92393983E-05   1.84112556E-04   2.46196992E-02   9.20562781E-02   3.98398002E-05   1.26286756E-04   1.99199001E-02   6.31433780E-02
       338   4.50962795E-05   1.84247626E-04   2.25481398E-02   9.21238131E-02   3.59553379E-05   1.38401395E-04   1.79776689E-02   6.92006974E-02
       339   4.76999808E-05   1.85010159E-04   2.38499904E-02   9.25050793E-02   3.85565120E-05   1.27643251E-04   1.92782560E-02   6.38216253E-02
       340   7.47132251E-05   1.94673060E-04   3.73566125E-02   9.73365300E-02   5.98894615E-05   1.38247926E-04   2.99447307E-02   6.91239632E-02
       341   4.27385729E-05   1.81639908E-04   2.13692864E-02   9.08199538E-02   3.53117383E-05   1.28019123E-04   1.76558691E-02   6.40095615E-02
       342   5.42860829E-05   1.86329643E-04   2.71430415E-02   9.31648215E-02   4.43952483E-05   1.42419209E-04   2.21976242E-02   7.12096045E-02
       343   3.86326976E-05   1.81276387E-04   1.93163488E-02   9.06381934E-02   3.11956783E-05   1.28424438E-04   1.55978392E-02   6.42122189E-02
       344   4.90332562E-05   1.84341096E-04   2.45166281E-02   9.21705482E-02   3.88821162E-05   1.36799552E-04   1.94410581E-02   6.83997758E-02
       345   3.87613141E-05   1.82005191E-04   1.93806571E-02   9.10025957E-02   3.13804039E-05   1.29690065E-04   1.56902020E-02   6.48450324E-02
       346   6.68413041E-05   1.88933234E-04   3.34206520E-02   9.44666170E-02   5.78523399E-05   1.29451479E-04   2.89261699E-02   6.47257395E-02
       347   4.14922220E-05   1.83051249E-04   2.07461110E-02   9.15256244E-02   3.24691290E-05   1.31990288E-04   1.62345645E-02   6.59951442E-02
       348   4.34437252E-05   1.82195715E-04   2.17218626E-02   9.10978577E-02   3.40220501E-05   1.34961738E-04   1.70110251E-02   6.74808689E-02
       349   4.17420135E-05   1.83853258E-04   2.08710067E-02   9.19266292E-02   3.28565366E-05   1.31582429E-04   1.64282683E-02   6.57912143E-02
       350   5.76243093E-05   1.87768282E-04   2.88121547E-02   9.38841408E-02   4.82764118E-05   1.50377501E-04   2.41382059E-02   7.51887506E-02
       351   4.24616397E-05   1.82712684E-04   2.12308199E-02   9.13563419E-02   3.27357013E-05   1.33550656E-04   1.63678506E-02   6.67753281E-02
       352   5.23712332E-05   1.85333462E-04   2.61856166E-02   9.26667311E-02   4.20138736E-05   1.28711040E-04   2.10069368E-02   6.43555199E-02
       353   7.55504459E-05   1.98206091E-04   3.77752230E-02   9.91030456E-02   6.36576529E-05   1.63103033E-04   3.18288264E-02   8.15515165E-02
       354   4.35820405E-05   1.83574997E-04   2.17910203E-02   9.17874985E-02   3.44048588E-05   1.32015905E-04   1.72024294E-02   6.60079527E-02
       355   3.85374253E-05   1.79028168E-04   1.92687127E-02   8.95140841E-02   3.15946461E-05   1.27361192E-04   1.57973230E-02   6.36805958E-02
       356   5.72498523E-05   1.83045732E-04   2.86249262E-02   9.15228659E-02   4.78186187E-05   1.25291780E-04   2.39093093E-02   6.26458898E-02
       357   7.72605507E-05   1.90013620E-04   3.86302754E-02   9.50068102E-02   6.55110024E-05   1.42924146E-04   3.27555012E-02   7.14620731E-02
       358   6.14794340E-05   1.89115668E-04   3.07397170E-02   9.45578340E-02   5.09371421E-05   1.40262457E-04   2.54685711E-02   7.01312285E-02
       359   4.14803402E-05   1.80486971E-04   2.07401701E-02   9.02434854E-02   3.28807191E-05   1.33423603E-04   1.64403596E-02   6.67118013E-02
       360   6.74367680E-05   1.88079883E-04   3.37183840E-02   9.40399416E-02   5.55248845E-05   1.39637259E-04   2.77624423E-02   6.98186296E-02
       361   4.67447870E-05   1.80357326E-04   2.33723935E-02   9.01786628E-02   3.79524501E-05   1.24977626E-04   1.89762250E-02   6.24888129E-02
       362   4.83446820E-05   1.83810213E-04   2.41723410E-02   9.19051064E-02   4.05978659E-05   1.26494328E-04   2.02989330E-02   6.32471639E-02
       363   7.37660336E-05   1.90432390E-04   3.68830168E-02   9.52161948E-02   6.39823995E-05   1.37323540E-04   3.19911998E-02   6.86617701E-02
       364   4.53129278E-05   1.83639966E-04   2.26564639E-02   9.18199829E-02   3.62602901E-05   1.38501573E-04   1.81301450E-02   6.92507864E-02
       365   4.32281417E-05   1.80958345E-04   2.16140708E-02   9.04791724E-02   3.33236500E-05   1.33218784E-04   1.66618250E-02   6.66093921E-02
       366   3.85673258E-05   1.78897787E-04   1.92836629E-02   8.94488934E-02   3.08030206E-05   1.27249079E-04   1.54015103E-02   6.36245397E-02
       367   4.16740961E-05   1.82777386E-04   2.08370480E-02   9.13886931E-02   3.35998292E-05   1.33111736E-04   1.67999146E-02   6.65558682E-02
       368   4.34734097E-05   1.81035325E-04   2.17367048E-02   9.05176625E-02   3.47285902E-05   1.36790018E-04   1.73642951E-02   6.83950088E-02
       369   6.41240650E-05   1.87689347E-04   3.20620325E-02   9.38446734E-02   5.26365752E-05   1.28688361E-04   2.63182876E-02   6.43441803E-02
       370   4.22914111E-05   1.80253820E-04   2.11457056E-02   9.01269102E-02   3.30027073E-05   1.32245796E-04   1.65013536E-02   6.61228979E-02
       371   4.90649003E-05   1.83416369E-04   2.45324501E-02   9.17081846E-02   3.85298692E-05   1.29373847E-04   1.92649346E-02   6.46869236E-02
       372   4.74582350E-05   1.84808158E-04   2.37291175E-02   9.24040790E-02   3.76694922E-05   1.38163996E-04   1.88347461E-02   6.90819979E-02
       373   5.48623062E-05   1.84339095E-04   2.74311531E-02   9.21695473E-02   4.61276786E-05   1.27811137E-04   2.30638393E-02   6.39055683E-02
       374   5.47370580E-05   1.81798861E-04   2.73685290E-02   9.08994306E-02   4.23869636E-05   1.27803457E-04   2.11934818E-02   6.39017286E-02
       375   4.96245928E-05   1.81447770E-04   2.48122964E-02   9.07238848E-02   4.15769769E-05   1.25538602E-04   2.07884884E-02   6.27693008E-02
       376   3.87626317E-05   1.78336213E-04   1.93813159E-02   8.91681063E-02   3.09920399E-05   1.28146233E-04   1.54960200E-02   6.40731163E-02
       377   4.14319926E-05   1.79009693E-04   2.07159963E-02   8.95048466E-02   3.29705870E-05   1.26694133E-04   1.64852935E-02   6.33470664E-02
       378   4.78426754E-05   1.81209085E-04   2.39213377E-02   9.06045425E-02   4.03691488E-05   1.25073038E-04   2.01845744E-02   6.25365188E-02
       379   4.65081827E-05   1.82583371E-04   2.32540913E-02   9.12916853E-02   3.64547450E-05   1.34290752E-04   1.82273725E-02   6.71453760E-02
       380   4.46140982E-05   1.81744131E-04   2.23070491E-02   9.08720657E-02   3.72249126E-05   1.23926767E-04   1.86124563E-02   6.19633836E-02
       381   4.35181651E-05   1.81994213E-04   2.17590826E-02   9.09971065E-02   3.43747818E-05   1.28131636E-04   1.71873909E-02   6.40658180E-02
       382   4.19194895E-05   1.82071503E-04   2.09597448E-02   9.10357515E-02   3.30849074E-05   1.30070008E-04   1.65424537E-02   6.50350039E-02
       383   4.12209694E-05   1.82713960E-04   2.06104847E-02   9.13569799E-02   3.31973625E-05   1.27247691E-04   1.65986812E-02   6.36238456E-02
       384   4.06644870E-05   1.80641802E-04   2.03322435E-02   9.03209009E-02   3.18018528E-05   1.31924187E-04   1.59009264E-02   6.59620935E-02
       385   7.22696598E-05   1.92126714E-04   3.61348299E-02   9.60633569E-02   6.21094534E-05   1.56009704E-04   3.10547267E-02   7.80048520E-02
       386   4.16997170E-05   1.80098923E-04   2.08498585E-02   9.00494617E-02   3.35858417E-05   1.27652869E-04   1.67929208E-02   6.38264346E-02
       387   8.57522323E-05   1.96761304E-04   4.28761162E-02   9.83806521E-02   7.66431265E-05   1.54320604E-04   3.83215632E-02   7.71603020E-02
       388   4.09114867E-05   1.80310892E-04   2.04557434E-02   9.01554462E-02   3.25040574E-05   1.31600454E-04   1.62520287E-02   6.58002272E-02
       389   4.55897397E-05   1.80123170E-04   2.27948698E-02   9.00615850E-02   3.63328689E-05   1.24491897E-04   1.81664345E-02   6.22459485E-02
       390   5.59378669E-05   1.85211305E-04   2.79689334E-02   9.26056526E-02   4.61494042E-05   1.41810383E-04   2.30747021E-02   7.09051913E-02
       391   6.83661666E-05   1.87844879E-04   3.41830833E-02   9.39224396E-02   5.94849874E-05   1.28792923E-04   2.97424937E-02   6.43964616E-02
       392   3.88194180E-05   1.80252030E-04   1.94097090E-02   9.01260152E-02   3.13452729E-05   1.25645973E-04   1.56726364E-02   6.28229864E-02
       393   5.24921454E-05   1.81638879E-04   2.62460727E-02   9.08194395E-02   4.31186979E-05   1.23264349E-04   2.15593490E-02   6.16321746E-02
       394   4.59841034E-05   1.81101065E-04   2.29920517E-02   9.05505323E-02   3.60563976E-05   1.32932800E-04   1.80281988E-02   6.64664001E-02
       395   3.99899971E-05   1.80477111E-04   1.99949985E-02   9.02385554E-02   3.19433705E-05   1.31754231E-04   1.59716853E-02   6.58771153E-02
       396   3.93214896E-05   1.79791539E-04   1.96607448E-02   8.98957696E-02   3.19135174E-05   1.24988564E-04   1.59567587E-02   6.24942822E-02
       397   5.80688339E-05   1.89039525E-04   2.90344170E-02   9.45197624E-02   4.70387722E-05   1.51096591E-04   2.35193861E-02   7.55482957E-02
       398   3.79350062E-05   1.80139678E-04   1.89675031E-02   9.00698390E-02   3.07247242E-05   1.28939546E-04   1.53623621E-02   6.44697728E-02
       399   5.20363453E-05   1.83198771E-04   2.60181727E-02   9.15993856E-02   4.09995443E-05   1.32753720E-04   2.04997722E-02   6.63768601E-02
       400   3.92328141E-05   1.80568117E-04   1.96164071E-02   9.02840587E-02   3.13973713E-05   1.28153754E-04   1.56986857E-02   6.40768771E-02
       401   4.33843872E-05   1.79640723E-04   2.16921936E-02   8.98203615E-02   3.54533797E-05   1.24308063E-04   1.77266899E-02   6.21540313E-02
       402   4.10375905E-05   1.81572018E-04   2.05187953E-02   9.07860089E-02   3.23924782E-05   1.33849995E-04   1.61962391E-02   6.69249975E-02
       403   7.38966218E-05   1.90815135E-04   3.69483109E-02   9.54075673E-02   6.35185483E-05   1.38795654E-04   3.17592741E-02   6.93978270E-02
       404   5.22149685E-05   1.81348462E-04   2.61074843E-02   9.06742310E-02   4.38135302E-05   1.25879521E-04   2.19067651E-02   6.29397603E-02
       405   7.87314768E-05   1.90655633E-04   3.93657384E-02   9.53278165E-02   6.73386926E-05   1.27625649E-04   3.36693463E-02   6.38128247E-02
       406   6.76450884E-05   1.86710994E-04   3.38225442E-02   9.33554970E-02   5.87006167E-05   1.28100250E-04   2.93503083E-02   6.40501250E-02
       407   4.32319828E-05   1.78070160E-04   2.16159914E-02   8.90350798E-02   3.41650095E-05   1.33301900E-04   1.70825047E-02   6.66509502E-02
       408   5.04198700E-05   1.82025340E-04   2.52099350E-02   9.10126701E-02   4.03418242E-05   1.32725711E-04   2.01709121E-02   6.63628553E-02
       409   6.68229056E-05   1.86103363E-04   3.34114528E-02   9.30516813E-02   5.64783582E-05   1.46826644E-04   2.82391791E-02   7.34133218E-02
       410   3.96693487E-05   1.77308068E-04   1.98346744E-02   8.86540340E-02   3.23261053E-05   1.21740563E-04   1.61630526E-02   6.08702815E-02
       411   4.00661296E-05   1.77219578E-04   2.00330648E-02   8.86097890E-02   3.16590907E-05   1.24962828E-04   1.58295453E-02   6.24814138E-02
       412   4.36392597E-05   1.81475943E-04   2.18196298E-02   9.07379713E-02   3.46868021E-05   1.35869769E-04   1.73434011E-02   6.79348845E-02
       413   4.69983870E-05   1.79636390E-04   2.34991935E-02   8.98181948E-02   3.75051686E-05   1.23363280E-04   1.87525843E-02   6.16816402E-02
       414   3.77731861E-05   1.80035602E-04   1.88865931E-02   9.00178010E-02   3.05247339E-05   1.26940874E-04   1.52623670E-02   6.34704371E-02
       415   4.39631705E-05   1.79405772E-04   2.19815852E-02   8.97028859E-02   3.57745396E-05   1.22564578E-04   1.78872698E-02   6.12822892E-02
       416   7.44861179E-05   1.93173686E-04   3.72430589E-02   9.65868430E-02   6.37655364E-05   1.58609053E-04   3.18827682E-02   7.93045265E-02
       417   3.96513032E-05   1.77283334E-04   1.98256516E-02   8.86416669E-02   3.19621254E-05   1.24208227E-04   1.59810627E-02   6.21041134E-02
       418   4.78466635E-05   1.85520654E-04   2.39233317E-02   9.27603271E-02   3.87821531E-05   1.40477141E-04   1.93910765E-02   7.02385706E-02
       419   3.99390811E-05   1.79162451E-04   1.99695405E-02   8.95812255E-02   3.24282356E-05   1.25846127E-04   1.62141178E-02   6.29230637E-02
       420   5.16759787E-05   1.80930337E-04   2.58379894E-02   9.04651687E-02   4.24749763E-05   1.22801978E-04   2.12374882E-02   6.14009889E-02
       421   4.10283212E-05   1.78840467E-04   2.05141606E-02   8.94202333E-02   3.20951355E-05   1.32119725E-04   1.60475678E-02   6.60598626E-02
       422   3.77348032E-05   1.79066613E-04   1.88674016E-02   8.95333067E-02   3.08472406E-05   1.25608018E-04   1.54236203E-02   6.28040091E-02
       423   3.71081126E-05   1.77998218E-04   1.85540563E-02   8.89991088E-02   2.99178658E-05   1.26362299E-04   1.49589329E-02   6.31811493E-02
       424   5.40212419E-05   1.82343293E-04   2.70106210E-02   9.11716467E-02   4.48005269E-05   1.23579248E-04   2.24002635E-02   6.17896242E-02
       425   6.12842325E-05   1.86127922E-04   3.06421162E-02   9.30639611E-02   5.07773127E-05   1.39920837E-04   2.53886563E-02   6.99604183E-02
       426   5.12594737E-05   1.77797360E-04   2.56297368E-02   8.88986801E-02   4.26502567E-05   1.23014068E-04   2.13251284E-02   6.15070338E-02
       427   3.89988775E-05   1.76631667E-04   1.94994388E-02   8.83158333E-02   3.11843402E-05   1.23917436E-04   1.55921701E-02   6.19587180E-02
       428   4.26672838E-05   1.79908133E-04   2.13336419E-02   8.99540663E-02   3.51797721E-05   1.24194959E-04   1.75898861E-02   6.20974793E-02
       429   3.71036719E-05   1.79718827E-04   1.85518360E-02   8.98594134E-02   3.03442436E-05   1.27795151E-04   1.51721218E-02   6.38975757E-02
       430   4.31283970E-05   1.78890121E-04   2.15641985E-02   8.94450603E-02   3.39823957E-05   1.26249464E-04   1.69911978E-02   6.31247320E-02
       431   3.67705143E-05   1.79013030E-04   1.83852572E-02   8.95065148E-02   2.98561427E-05   1.26867059E-04   1.49280713E-02   6.34335297E-02
       432   5.78889753E-05   1.84210244E-04   2.89444877E-02   9.21051219E-02   4.84463450E-05   1.24299157E-04   2.42231725E-02   6.21495784E-02
       433   3.81329371E-05   1.78768903E-04   1.90664686E-02   8.93844515E-02   3.00613588E-05   1.28153954E-04   1.50306794E-02   6.40769768E-02
       434   3.81971247E-05   1.78847547E-04   1.90985623E-02   8.94237735E-02   3.07353939E-05   1.25694912E-04   1.53676969E-02   6.28474560E-02
       435   5.04714689E-05   1.80281269E-04   2.52357345E-02   9.01406345E-02   4.01396195E-05   1.35032343E-04   2.00698098E-02   6.75161713E-02
       436   4.57628894E-05   1.77277553E-04   2.28814447E-02   8.86387763E-02   3.82329166E-05   1.22416106E-04   1.91164583E-02   6.12080531E-02
       437   7.76826300E-05   1.88572903E-04   3.88413150E-02   9.42864513E-02   6.88830639E-05   1.27188024E-04   3.44415320E-02   6.35940121E-02
       438   5.54992219E-05   1.85263334E-04   2.77496109E-02   9.26316672E-02   4.57413952E-05   1.45767562E-04   2.28706976E-02   7.28837809E-02
       439   6.03589482E-05   1.83368653E-04   3.01794741E-02   9.16843263E-02   5.07859282E-05   1.27394505E-04   2.53929641E-02   6.36972526E-02
       440   4.67319137E-05   1.80134836E-04   2.33659568E-02   9.00674178E-02   3.87277863E-05   1.23010175E-04   1.93638932E-02   6.15050874E-02
       441   4.74466473E-05   1.79222768E-04   2.37233237E-02   8.96113838E-02   3.75882707E-05   1.25901641E-04   1.87941354E-02   6.29508203E-02
       442   4.02423461E-05   1.78406443E-04   2.01211730E-02   8.92032217E-02   3.19145974E-05   1.25971337E-04   1.59572987E-02   6.29856686E-02
       443   3.76618694E-05   1.77063296E-04   1.88309347E-02   8.85316480E-02   3.13203711E-05   1.23300190E-04   1.56601856E-02   6.16500948E-02
       444   5.59307181E-05   1.81609424E-04   2.79653590E-02   9.08047118E-02   4.73208624E-05   1.27857923E-04   2.36604312E-02   6.39289613E-02
       445   4.96312093E-05   1.81481203E-04   2.48156046E-02   9.07406016E-02   4.04760165E-05   1.39313840E-04   2.02380082E-02   6.96569198E-02
       446   4.05066515E-05   1.76447449E-04   2.02533258E-02   8.82237246E-02   3.17244354E-05   1.27341626E-04   1.58622177E-02   6.36708128E-02
       447   4.56841546E-05   1.78069894E-04   2.28420773E-02   8.90349470E-02   3.55945472E-05   1.30370678E-04   1.77972736E-02   6.51853390E-02
       448   4.10533140E-05   1.79273117E-04   2.05266570E-02   8.96365583E-02   3.23892017E-05   1.31621573E-04   1.61946009E-02   6.58107863E-02
       449   3.83802961E-05   1.77441360E-04   1.91901481E-02   8.87206799E-02   3.11059896E-05   1.24163599E-04   1.55529948E-02   6.20817993E-02
       450   8.54477763E-05   1.95641094E-04   4.27238882E-02   9.78205468E-02   7.69592182E-05   1.61580902E-04   3.84796091E-02   8.07904508E-02
       451   3.80234518E-05   1.77874689E-04   1.90117259E-02   8.89373447E-02   3.09574094E-05   1.27902327E-04   1.54787047E-02   6.39511634E-02
       452   3.99183511E-05   1.78462480E-04   1.99591756E-02   8.92312398E-02   3.17641690E-05   1.31433585E-04   1.58820845E-02   6.57167925E-02
       453   5.24030101E-05   1.80538040E-04   2.62015051E-02   9.02690201E-02   4.40435605E-05   1.25033552E-04   2.20217803E-02   6.25167761E-02
       454   6.20161826E-05   1.85725002E-04   3.10080913E-02   9.28625009E-02   5.18697017E-05   1.40090326E-04   2.59348509E-02   7.00451630E-02
       455   4.08124741E-05   1.77716300E-04   2.04062371E-02   8.88581502E-02   3.18811110E-05   1.27126478E-04   1.59405555E-02   6.35632391E-02
       456   5.10130370E-05   1.79763931E-04   2.55065185E-02   8.98819656E-02   4.28762662E-05   1.23490134E-04   2.14381331E-02   6.17450670E-02
       457   5.03358152E-05   1.81305964E-04   2.51679076E-02   9.06529818E-02   4.13413995E-05   1.41949927E-04   2.06706997E-02   7.09749633E-02
       458   5.04969624E-05   1.78991493E-04   2.52484812E-02   8.94957463E-02   4.25032882E-05   1.22412352E-04   2.12516441E-02   6.12061761E-02
       459   3.74744911E-05   1.76146313E-04   1.87372455E-02   8.80731567E-02   3.03410793E-05   1.23242936E-04   1.51705397E-02   6.16214678E-02
       460   6.01342074E-05   1.82122684E-04   3.00671037E-02   9.10613418E-02   5.01673390E-05   1.22363068E-04   2.50836695E-02   6.11815340E-02
       461   4.39577621E-05   1.79291733E-04   2.19788811E-02   8.96458667E-02   3.53326514E-05   1.25612204E-04   1.76663257E-02   6.28061018E-02
       462   4.02924057E-05   1.76252760E-04   2.01462029E-02   8.81263802E-02   3.25258828E-05   1.22608263E-04   1.62629414E-02   6.13041314E-02
       463   3.77765257E-05   1.78698978E-04   1.88882629E-02   8.93494891E-02   3.02638994E-05   1.29558492E-04   1.51319497E-02   6.47792458E-02
       464   5.32244320E-05   1.79753039E-04   2.66122160E-02   8.98765193E-02   4.50217255E-05   1.22237790E-04   2.25108627E-02   6.11188952E-02
       465   4.30855671E-05   1.77068926E-04   2.15427835E-02   8.85344629E-02   3.48060328E-05   1.21759105E-04   1.74030164E-02   6.08795527E-02
       466   4.72863541E-05   1.79587802E-04   2.36431771E-02   8.97939011E-02   3.67882889E-05   1.29124070E-04   1.83941444E-02   6.45620350E-02
       467   6.11399799E-05   1.83045368E-04   3.05699899E-02   9.15226842E-02   4.92917825E-05   1.31667809E-04   2.46458912E-02   6.58339044E-02
       468   5.12129452E-05   1.80402866E-04   2.56064726E-02   9.02014331E-02   4.08988615E-05   1.35425560E-04   2.04494307E-02   6.77127801E-02
       469   4.04834414E-05   1.79828329E-04   2.02417207E-02   8.99141646E-02   3.31190479E-05   1.31225681E-04   1.65595239E-02   6.56128405E-02
       470   5.96632226E-05   1.81864021E-04   2.98316113E-02   9.09320103E-02   5.04998080E-05   1.27254865E-04   2.52499040E-02   6.36274323E-02
       471   7.17759660E-05   1.86975979E-04   3.58879830E-02   9.34879894E-02   5.99440864E-05   1.37637679E-04   2.99720432E-02   6.88188394E-02
       472   5.85715730E-05   1.85836343E-04   2.92857865E-02   9.29181716E-02   4.77984914E-05   1.49277401E-04   2.38992457E-02   7.46387005E-02
       473   4.21527654E-05   1.75492493E-04   2.10763827E-02   8.77462463E-02   3.45346091E-05   1.19536007E-04   1.72673045E-02   5.97680033E-02
       474   3.67038737E-05   1.78035660E-04   1.83519368E-02   8.90178299E-02   2.94699665E-05   1.27407492E-04   1.47349832E-02   6.37037461E-02
       475   3.89399757E-05   1.75457284E-04   1.94699878E-02   8.77286420E-02   3.05812686E-05   1.24978101E-04   1.52906343E-02   6.24890505E-02
       476   6.33026763E-05   1.86862288E-04   3.16513381E-02   9.34311439E-02   5.16442274E-05   1.52469958E-04   2.58221137E-02   7.62349789E-02
       477   4.28568058E-05   1.78817966E-04   2.14284029E-02   8.94089830E-02   3.44545149E-05   1.34536608E-04   1.72272575E-02   6.72683041E-02
       478   8.71514036E-05   1.91012260E-04   4.35757018E-02   9.55061300E-02   7.91806194E-05   1.30390985E-04   3.95903097E-02   6.51954923E-02
       479   6.28420814E-05   1.85424526E-04   3.14210407E-02   9.27122631E-02   5.36011243E-05   1.44664436E-04   2.68005621E-02   7.23322179E-02
       480   4.47405010E-05   1.80722721E-04   2.23702505E-02   9.03613603E-02   3.50746936E-05   1.32473475E-04   1.75373468E-02   6.62367375E-02
       481   4.11174008E-05   1.79338735E-04   2.05587004E-02   8.96693676E-02   3.27122003E-05   1.26791540E-04   1.63561002E-02   6.33957702E-02
       482   3.65981788E-05   1.74395608E-04   1.82990894E-02   8.71978040E-02   2.93838922E-05   1.22405197E-04   1.46919461E-02   6.12025985E-02
       483   3.60680969E-05   1.75273242E-04   1.80340484E-02   8.76366212E-02   2.91999036E-05   1.23264900E-04   1.45999518E-02   6.16324498E-02
       484   5.19598750E-05   1.79410538E-04   2.59799375E-02   8.97052689E-02   4.20892287E-05   1.22202119E-04   2.10446144E-02   6.11010595E-02
       485   4.83573157E-05   1.80151813E-04   2.41786578E-02   9.00759064E-02   3.79785144E-05   1.33341250E-04   1.89892572E-02   6.66706248E-02
       486   4.04549730E-05   1.76198317E-04   2.02274865E-02   8.80991584E-02   3.36803633E-05   1.20300041E-04   1.68401816E-02   6.01500206E-02
       487   7.92785063E-05   1.89153481E-04   3.96392532E-02   9.45767403E-02   7.13106919E-05   1.32349021E-04   3.56553460E-02   6.61745104E-02
       488   5.43038860E-05   1.79510771E-04   2.71519430E-02   8.97553854E-02   4.52241434E-05   1.20491492E-04   2.26120717E-02   6.02457462E-02
       489   4.28789813E-05   1.76622938E-04   2.14394906E-02   8.83114691E-02   3.43254851E-05   1.21472950E-04   1.71627425E-02   6.07364751E-02
       490   3.97385312E-05   1.78248089E-04   1.98692656E-02   8.91240447E-02   3.19607703E-05   1.21999930E-04   1.59803852E-02   6.09999650E-02
       491   5.04900172E-05   1.78325768E-04   2.52450086E-02   8.91628838E-02   3.98831612E-05   1.31318735E-04   1.99415806E-02   6.56593677E-02
       492   4.75936684E-05   1.78364124E-04   2.37968342E-02   8.91820622E-02   3.89016941E-05   1.23329927E-04   1.94508471E-02   6.16649635E-02
       493   6.80796593E-05   1.86488116E-04   3.40398296E-02   9.32440578E-02   5.51299745E-05   1.39294783E-04   2.75649873E-02   6.96473913E-02
       494   4.75934624E-05   1.78291811E-04   2.37967312E-02   8.91459057E-02   3.82667981E-05   1.21979700E-04   1.91333990E-02   6.09898499E-02
       495   3.60247961E-05   1.74695104E-04   1.80123980E-02   8.73475520E-02   2.88591138E-05   1.22449294E-04   1.44295569E-02   6.12246469E-02
       496   3.99225194E-05   1.77017389E-04   1.99612597E-02   8.85086946E-02   3.30654438E-05   1.20556879E-04   1.65327219E-02   6.02784396E-02
       497   5.23528540E-05   1.79678734E-04   2.61764270E-02   8.98393669E-02   4.40531793E-05   1.23023251E-04   2.20265897E-02   6.15116254E-02
       498   4.71119871E-05   1.75473686E-04   2.35559935E-02   8.77368430E-02   3.91565164E-05   1.18775888E-04   1.95782582E-02   5.93879438E-02
       499   3.88236320E-05   1.76980297E-04   1.94118160E-02   8.84901483E-02   3.08467374E-05   1.25587802E-04   1.54233687E-02   6.27939008E-02
       500   3.61963229E-05   1.73937613E-04   1.80981615E-02   8.69688067E-02   2.95366310E-05   1.20955865E-04   1.47683155E-02   6.04779326E-02
       501   3.77968249E-05   1.74622212E-04   1.88984124E-02   8.73111059E-02   3.05329601E-05   1.24461888E-04   1.52664800E-02   6.22309441E-02
       502   4.03001298E-05   1.74597007E-04   2.01500649E-02   8.72985035E-02   3.34327013E-05   1.18645404E-04   1.67163506E-02   5.93227018E-02
       503   5.39776385E-05   1.80429058E-04   2.69888192E-02   9.02145288E-02   4.39531679E-05   1.23368323E-04   2.19765839E-02   6.16841614E-02
       504   4.66450353E-05   1.79386770E-04   2.33225177E-02   8.96933848E-02   3.77717114E-05   1.37011607E-04   1.88858557E-02   6.85058033E-02
       505   3.99407125E-05   1.77462084E-04   1.99703563E-02   8.87310421E-02   3.17921315E-05   1.27941861E-04   1.58960658E-02   6.39709306E-02
       506   4.10334822E-05   1.78741182E-04   2.05167411E-02   8.93705911E-02   3.31524503E-05   1.33896420E-04   1.65762252E-02   6.69482098E-02
       507   3.66845295E-05   1.74751907E-04   1.83422648E-02   8.73759537E-02   3.01397417E-05   1.19631703E-04   1.50698709E-02   5.98158515E-02
       508   4.54286122E-05   1.78149320E-04   2.27143061E-02   8.90746601E-02   3.59236669E-05   1.26102107E-04   1.79618334E-02   6.30510534E-02
       509   4.53644386E-05   1.77776421E-04   2.26822193E-02   8.88882105E-02   3.67385722E-05   1.20343555E-04   1.83692861E-02   6.01717774E-02
       510   4.21891321E-05   1.75315789E-04   2.10945661E-02   8.76578946E-02   3.47984251E-05   1.18171062E-04   1.73992125E-02   5.90855312E-02
       511   4.89057185E-05   1.77578026E-04   2.44528592E-02   8.87890128E-02   3.87511053E-05   1.29646050E-04   1.93755527E-02   6.48230248E-02
       512   3.87706738E-05   1.73396995E-04   1.93853369E-02   8.66984975E-02   3.10977452E-05   1.20055646E-04   1.55488726E-02   6.00278232E-02
       513   4.21776871E-05   1.76469215E-04   2.10888435E-02   8.82346075E-02   3.33916586E-05   1.26719052E-04   1.66958293E-02   6.33595260E-02
       514   3.90633334E-05   1.74258161E-04   1.95316667E-02   8.71290804E-02   3.22526314E-05   1.18499346E-04   1.61263157E-02   5.92496728E-02
       515   5.38967507E-05   1.78937619E-04   2.69483753E-02   8.94688096E-02   4.58508856E-05   1.22348842E-04   2.29254428E-02   6.11744212E-02
       516   5.46808946E-05   1.79105167E-04   2.73404473E-02   8.95525836E-02   4.65745414E-05   1.21309882E-04   2.32872707E-02   6.06549409E-02
       517   3.88053850E-05   1.75557766E-04   1.94026925E-02   8.77788828E-02   3.15870794E-05   1.20217610E-04   1.57935397E-02   6.01088050E-02
       518   5.70023451E-05   1.80213193E-04   2.85011726E-02   9.01065966E-02   4.88488571E-05   1.23105107E-04   2.44244285E-02   6.15525535E-02
       519   3.88415493E-05   1.74289428E-04   1.94207746E-02   8.71447142E-02   3.23088219E-05   1.18605379E-04   1.61544109E-02   5.93026894E-02
       520   3.74131386E-05   1.76457753E-04   1.87065693E-02   8.82288764E-02   3.08807618E-05   1.20580526E-04   1.54403809E-02   6.02902630E-02
       521   3.78245756E-05   1.75760613E-04   1.89122878E-02   8.78803067E-02   2.99369683E-05   1.26175524E-04   1.49684842E-02   6.30877620E-02
       522   4.70092579E-05   1.76743746E-04   2.35046290E-02   8.83718729E-02   3.81353899E-05   1.19506478E-04   1.90676950E-02   5.97532390E-02
       523   6.39095304E-05   1.83636041E-04   3.19547652E-02   9.18180206E-02   5.50908269E-05   1.44931294E-04   2.75454135E-02   7.24656469E-02
       524   5.25127333E-05   1.78958720E-04   2.62563666E-02   8.94793600E-02   4.23938193E-05   1.33561797E-04   2.11969096E-02   6.67808986E-02
       525   8.75881537E-05   1.92110954E-04   4.37940769E-02   9.60554768E-02   7.92927078E-05   1.40158213E-04   3.96463539E-02   7.00791065E-02
       526   7.48627277E-05   1.89282445E-04   3.74313639E-02   9.46412224E-02   6.50341243E-05   1.54395074E-04   3.25170621E-02   7.71975370E-02
       527   3.68779706E-05   1.77318681E-04   1.84389853E-02   8.86593403E-02   2.90774097E-05   1.25433711E-04   1.45387049E-02   6.27168555E-02
       528   4.32950572E-05   1.76759713E-04   2.16475286E-02   8.83798565E-02   3.53878541E-05   1.19947754E-04   1.76939271E-02   5.99738769E-02
       529   3.75031765E-05   1.76219292E-04   1.87515883E-02   8.81096461E-02   3.07895005E-05   1.20760234E-04   1.53947503E-02   6.03801171E-02
       530   3.96109821E-05   1.76642400E-04   1.98054911E-02   8.83211999E-02   3.23134512E-05   1.22065284E-04   1.61567256E-02   6.10326420E-02
       531   5.69761806E-05   1.78632456E-04   2.84880903E-02   8.93162278E-02   4.66191025E-05   1.27867621E-04   2.33095512E-02   6.39338103E-02
       532   3.71355255E-05   1.74620113E-04   1.85677628E-02   8.73100565E-02   3.06017469E-05   1.19875205E-04   1.53008735E-02   5.99376024E-02
       533   4.15399571E-05   1.76498868E-04   2.07699786E-02   8.82494338E-02   3.38340201E-05   1.20583512E-04   1.69170100E-02   6.02917561E-02
       534   7.44493158E-05   1.84604888E-04   3.72246579E-02   9.23024439E-02   6.56089346E-05   1.32190019E-04   3.28044673E-02   6.60950093E-02
       535   4.58558234E-05   1.77036995E-04   2.29279117E-02   8.85184976E-02   3.54209339E-05   1.26786681E-04   1.77104669E-02   6.33933405E-02
       536   3.91419950E-05   1.77049861E-04   1.95709975E-02   8.85249304E-02   3.12654995E-05   1.30813851E-04   1.56327498E-02   6.54069256E-02
       537   6.34478906E-05   1.83349045E-04   3.17239453E-02   9.16745225E-02   5.36567034E-05   1.38395833E-04   2.68283517E-02   6.91979163E-02
       538   4.27276557E-05   1.72363378E-04   2.13638278E-02   8.61816889E-02   3.54584425E-05   1.17421905E-04   1.77292213E-02   5.87109523E-02
       539   3.51157116E-05   1.75162139E-04   1.75578558E-02   8.75810695E-02   2.81863452E-05   1.23364876E-04   1.40931726E-02   6.16824380E-02
       540   4.82992829E-05   1.77158169E-04   2.41496414E-02   8.85790844E-02   3.92059879E-05   1.20406129E-04   1.96029939E-02   6.02030647E-02
       541   3.59939687E-05   1.75199363E-04   1.79969844E-02   8.75996817E-02   2.86339564E-05   1.25553312E-04   1.43169782E-02   6.27766562E-02
       542   4.55653617E-05   1.78338306E-04   2.27826808E-02   8.91691528E-02   3.68781397E-05   1.27873284E-04   1.84390698E-02   6.39366419E-02
       543   4.36478743E-05   1.74587157E-04   2.18239371E-02   8.72935785E-02   3.46541059E-05   1.21674007E-04   1.73270530E-02   6.08370035E-02
       544   5.62773541E-05   1.80912758E-04   2.81386770E-02   9.04563790E-02   4.74382710E-05   1.22039178E-04   2.37191355E-02   6.10195888E-02
       545   3.80750889E-05   1.74947379E-04   1.90375445E-02   8.74736893E-02   3.06212086E-05   1.24253791E-04   1.53106043E-02   6.21268953E-02
       546   7.06513143E-05   1.83411708E-04   3.53256572E-02   9.17058541E-02   6.18030215E-05   1.29575931E-04   3.09015108E-02   6.47879655E-02
       547   4.07254648E-05   1.78374638E-04   2.03627324E-02   8.91873191E-02   3.22996788E-05   1.33308862E-04   1.61498394E-02   6.66544312E-02
       548   6.37585565E-05   1.80564183E-04   3.18792783E-02   9.02820915E-02   5.44305720E-05   1.21105227E-04   2.72152860E-02   6.05526137E-02
       549   3.58947565E-05   1.75641969E-04   1.79473783E-02   8.78209846E-02   2.84341492E-05   1.23453039E-04   1.42170746E-02   6.17265194E-02
       550   3.59676191E-05   1.72762340E-04   1.79838096E-02   8.63811700E-02   2.92523618E-05   1.19413115E-04   1.46261809E-02   5.97065576E-02
       551   4.05596956E-05   1.73864355E-04   2.02798478E-02   8.69321773E-02   3.37254117E-05   1.18417353E-04   1.68627059E-02   5.92086764E-02
       552   3.61321438E-05   1.76199210E-04   1.80660719E-02   8.80996050E-02   2.92841171E-05   1.24194768E-04   1.46420586E-02   6.20973842E-02
       553   4.49901597E-05   1.80138506E-04   2.24950798E-02   9.00692530E-02   3.60110272E-05   1.33846430E-04   1.80055136E-02   6.69232152E-02
       554   3.49344548E-05   1.74941262E-04   1.74672274E-02   8.74706312E-02   2.82269231E-05   1.23066375E-04   1.41134616E-02   6.15331873E-02
       555   3.66439229E-05   1.73751375E-04   1.83219614E-02   8.68756873E-02   3.00987976E-05   1.19430342E-04   1.50493988E-02   5.97151710E-02
       556   5.43572170E-05   1.78791335E-04   2.71786085E-02   8.93956673E-02   4.48408116E-05   1.27747196E-04   2.24204058E-02   6.38735982E-02
       557   7.41428251E-05   1.83872209E-04   3.70714125E-02   9.19361043E-02   6.54667742E-05   1.23646810E-04   3.27333871E-02   6.18234048E-02
       558   4.32651322E-05   1.76316361E-04   2.16325661E-02   8.81581805E-02   3.32043896E-05   1.29653052E-04   1.66021948E-02   6.48265259E-02
       559   4.77804243E-05   1.75969353E-04   2.38902121E-02   8.79846765E-02   3.89073307E-05   1.21148879E-04   1.94536653E-02   6.05744397E-02
       560   4.57497086E-05   1.75690084E-04   2.28748543E-02   8.78450419E-02   3.84298584E-05   1.18403040E-04   1.92149292E-02   5.92015202E-02
       561   4.17588965E-05   1.75266135E-04   2.08794483E-02   8.76330673E-02   3.28912554E-05   1.29820035E-04   1.64456277E-02   6.49100174E-02
       562   5.65169663E-05   1.78794166E-04   2.82584831E-02   8.93970831E-02   4.57718907E-05   1.31080314E-04   2.28859454E-02   6.55401572E-02
       563   4.20227843E-05   1.78392844E-04   2.10113921E-02   8.91964220E-02   3.32969328E-05   1.24200594E-04   1.66484664E-02   6.21002971E-02
       564   3.72957960E-05   1.76924607E-04   1.86478980E-02   8.84623035E-02   2.98769936E-05   1.27678929E-04   1.49384968E-02   6.38394647E-02
       565   3.77367911E-05   1.75215227E-04   1.88683956E-02   8.76076135E-02   3.10553866E-05   1.19009735E-04   1.55276933E-02   5.95048673E-02
       566   4.51086678E-05   1.78525891E-04   2.25543339E-02   8.92629453E-02   3.56189130E-05   1.32653948E-04   1.78094565E-02   6.63269742E-02
       567   3.83385236E-05   1.72499651E-04   1.91692618E-02   8.62498257E-02   3.12777726E-05   1.20522438E-04   1.56388863E-02   6.02612189E-02
       568   4.53419445E-05   1.75689158E-04   2.26709722E-02   8.78445788E-02   3.65355099E-05   1.32904816E-04   1.82677549E-02   6.64524081E-02
       569   4.02438728E-05   1.73363506E-04   2.01219364E-02   8.66817529E-02   3.09769514E-05   1.23294736E-04   1.54884757E-02   6.16473678E-02
       570   3.74911609E-05   1.75375819E-04   1.87455805E-02   8.76879096E-02   2.96572208E-05   1.27940253E-04   1.48286104E-02   6.39701267E-02
       571   5.77654378E-05   1.79773762E-04   2.88827189E-02   8.98868808E-02   4.96234339E-05   1.22856330E-04   2.48117170E-02   6.14281651E-02
       572   9.65368235E-05   1.99637039E-04   4.82684117E-02   9.98185196E-02   8.93007182E-05   1.57585411E-04   4.46503591E-02   7.87927055E-02
       573   3.83280086E-05   1.74559066E-04   1.91640043E-02   8.72795331E-02   3.13071359E-05   1.19042054E-04   1.56535679E-02   5.95210272E-02
       574   5.57924234E-05   1.77768222E-04   2.78962117E-02   8.88841109E-02   4.75774231E-05   1.21910743E-04   2.37887116E-02   6.09553717E-02
       575   6.56376454E-05   1.87129510E-04   3.28188227E-02   9.35647549E-02   5.43195125E-05   1.52051254E-04   2.71597563E-02   7.60256271E-02
       576   3.53565278E-05   1.74690460E-04   1.76782639E-02   8.73452300E-02   2.85864106E-05   1.21229382E-04   1.42932053E-02   6.06146910E-02
       577   5.14047782E-05   1.77517061E-04   2.57023891E-02   8.87585304E-02   4.19587263E-05   1.25320413E-04   2.09793631E-02   6.26602066E-02
       578   4.47139077E-05   1.75297222E-04   2.23569538E-02   8.76486108E-02   3.60575511E-05   1.19903723E-04   1.80287756E-02   5.99518616E-02
       579   4.66881432E-05   1.75266571E-04   2.33440716E-02   8.76332855E-02   3.93191226E-05   1.18351547E-04   1.96595613E-02   5.91757733E-02
       580   4.28078152E-05   1.76332945E-04   2.14039076E-02   8.81664726E-02   3.30944538E-05   1.28830996E-04   1.65472269E-02   6.44154979E-02
       581   3.96895333E-05   1.77220572E-04   1.98447666E-02   8.86102858E-02   3.13728127E-05   1.31288822E-04   1.56864063E-02   6.56444111E-02
       582   4.61017361E-05   1.77441524E-04   2.30508681E-02   8.87207619E-02   3.56855042E-05   1.28558274E-04   1.78427521E-02   6.42791368E-02
       583   4.57602149E-05   1.77039427E-04   2.28801074E-02   8.85197134E-02   3.73353532E-05   1.30531656E-04   1.86676766E-02   6.52658282E-02
       584   4.80181973E-05   1.77582979E-04   2.40090987E-02   8.87914893E-02   3.77112822E-05   1.28433037E-04   1.88556411E-02   6.42165186E-02
       585   5.23837000E-05   1.77010587E-04   2.61918500E-02   8.85052936E-02   4.41202594E-05   1.20581294E-04   2.20601297E-02   6.02906472E-02
       586   5.47313881E-05   1.76113421E-04   2.73656940E-02   8.80567107E-02   4.68763581E-05   1.21489811E-04   2.34381790E-02   6.07449055E-02
       587   3.55080989E-05   1.71603190E-04   1.77540494E-02   8.58015952E-02   2.83206683E-05   1.18617056E-04   1.41603341E-02   5.93085282E-02
       588   4.54483054E-05   1.74894582E-04   2.27241527E-02   8.74472909E-02   3.57223083E-05   1.27299556E-04   1.78611541E-02   6.36497781E-02
       589   4.30065391E-05   1.74872127E-04   2.15032696E-02   8.74360636E-02   3.32077919E-05   1.27245078E-04   1.66038960E-02   6.36225390E-02
       590   3.56717483E-05   1.73001814E-04   1.78358741E-02   8.65009069E-02   2.86327647E-05   1.18884173E-04   1.43163824E-02   5.94420867E-02
       591   4.17160265E-05   1.73707078E-04   2.08580133E-02   8.68535390E-02   3.20932683E-05   1.24119685E-04   1.60466341E-02   6.20598424E-02
       592   5.36739625E-05   1.77957773E-04   2.68369813E-02   8.89788864E-02   4.56803566E-05   1.19553134E-04   2.28401783E-02   5.97765670E-02
       593   4.23821158E-05   1.74653952E-04   2.11910579E-02   8.73269761E-02   3.22462860E-05   1.24447154E-04   1.61231430E-02   6.22235771E-02
       594   4.58797646E-05   1.75814677E-04   2.29398823E-02   8.79073386E-02   3.54010103E-05   1.27057746E-04   1.77005052E-02   6.35288731E-02
       595   3.65762207E-05   1.74059219E-04   1.82881104E-02   8.70296094E-02   2.87936639E-05   1.25856110E-04   1.43968320E-02   6.29280551E-02
       596   3.78622261E-05   1.73509139E-04   1.89311131E-02   8.67545694E-02   3.08509119E-05   1.19537183E-04   1.54254560E-02   5.97685917E-02
       597   3.92978433E-05   1.74615656E-04   1.96489216E-02   8.73078282E-02   3.06947380E-05   1.28137705E-04   1.53473690E-02   6.40688523E-02
       598   4.52792599E-05   1.76626489E-04   2.26396300E-02   8.83132446E-02   3.56025167E-05   1.30736870E-04   1.78012584E-02   6.53684351E-02
       599   3.93359266E-05   1.74460767E-04   1.96679633E-02   8.72303834E-02   3.12559904E-05   1.23827083E-04   1.56279952E-02   6.19135416E-02
       600   5.25929502E-05   1.76510574E-04   2.62964751E-02   8.82552872E-02   4.45461278E-05   1.19036009E-04   2.22730639E-02   5.95180043E-02
       601   3.94023802E-05   1.74916946E-04   1.97011901E-02   8.74584732E-02   3.04001158E-05   1.26678904E-04   1.52000579E-02   6.33394518E-02
       602   3.53540055E-05   1.74356185E-04   1.76770027E-02   8.71780924E-02   2.81762646E-05   1.24557825E-04   1.40881323E-02   6.22789126E-02
       603   3.79124699E-05   1.73896376E-04   1.89562350E-02   8.69481879E-02   3.00098840E-05   1.27366118E-04   1.50049420E-02   6.36830590E-02
       604   4.75504914E-05   1.75850726E-04   2.37752457E-02   8.79253629E-02   3.79570388E-05   1.34300385E-04   1.89785194E-02   6.71501924E-02
       605   4.51815254E-05   1.75086799E-04   2.25907627E-02   8.75433996E-02   3.50768667E-05   1.27723679E-04   1.75384333E-02   6.38618395E-02
       606   3.82623511E-05   1.72556950E-04   1.91311756E-02   8.62784750E-02   2.99636792E-05   1.25457756E-04   1.49818396E-02   6.27288782E-02
       607   4.45831390E-05   1.73702509E-04   2.22915695E-02   8.68512543E-02   3.63508002E-05   1.17878025E-04   1.81754001E-02   5.89390123E-02
       608   5.62918225E-05   1.78174376E-04   2.81459113E-02   8.90871881E-02   4.69802908E-05   1.20511469E-04   2.34901454E-02   6.02557346E-02
       609   4.65477812E-05   1.74425905E-04   2.32738906E-02   8.72129526E-02   3.82190572E-05   1.18044107E-04   1.91095286E-02   5.90220535E-02
       610   6.72596842E-05   1.79482775E-04   3.36298421E-02   8.97413875E-02   5.87734576E-05   1.19876610E-04   2.93867288E-02   5.99383052E-02
       611   5.01689151E-05   1.76784133E-04   2.50844575E-02   8.83920665E-02   4.15675447E-05   1.19851102E-04   2.07837723E-02   5.99255510E-02
       612   7.47286490E-05   1.83684356E-04   3.73643245E-02   9.18421781E-02   6.64164563E-05   1.23352041E-04   3.32082281E-02   6.16760206E-02
       613   8.09910920E-05   1.86563425E-04   4.04955460E-02   9.32817126E-02   6.78372054E-05   1.34727229E-04   3.39186027E-02   6.73636147E-02
       614   3.81986955E-05   1.73310065E-04   1.90993478E-02   8.66550326E-02   2.95968276E-05   1.25626624E-04   1.47984138E-02   6.28133121E-02
       615   4.55536280E-05   1.73667885E-04   2.27768140E-02   8.68339425E-02   3.59660125E-05   1.24441724E-04   1.79830063E-02   6.22208620E-02
       616   6.17322467E-05   1.76849183E-04   3.08661233E-02   8.84245916E-02   5.34970464E-05   1.23926190E-04   2.67485232E-02   6.19630950E-02
       617   4.97532342E-05   1.73739846E-04   2.48766171E-02   8.68699232E-02   3.92955171E-05   1.24474919E-04   1.96477586E-02   6.22374596E-02
       618   4.41876025E-05   1.72380024E-04   2.20938013E-02   8.61900122E-02   3.50173028E-05   1.22887675E-04   1.75086514E-02   6.14438375E-02
       619   6.24212792E-05   1.79866573E-04   3.12106396E-02   8.99332867E-02   5.38962857E-05   1.40413711E-04   2.69481429E-02   7.02068555E-02
       620   3.48923320E-05   1.70766343E-04   1.74461660E-02   8.53831717E-02   2.74388618E-05   1.20450998E-04   1.37194309E-02   6.02254992E-02
       621   4.41381282E-05   1.76448749E-04   2.20690641E-02   8.82243743E-02   3.58242588E-05   1.34056890E-04   1.79121294E-02   6.70284449E-02
       622   5.31849941E-05   1.81800594E-04   2.65924970E-02   9.09002972E-02   4.27902862E-05   1.43929117E-04   2.13951431E-02   7.19645583E-02
       623   4.36199036E-05   1.74538773E-04   2.18099518E-02   8.72693865E-02   3.46611485E-05   1.21539807E-04   1.73305742E-02   6.07699035E-02
       624   4.41599045E-05   1.72394589E-04   2.20799522E-02   8.61972944E-02   3.56212178E-05   1.18976951E-04   1.78106089E-02   5.94884754E-02
       625   3.87403510E-05   1.74134142E-04   1.93701755E-02   8.70670710E-02   3.05621314E-05   1.27939046E-04   1.52810657E-02   6.39695228E-02
       626   3.99560594E-05   1.72952092E-04   1.99780297E-02   8.64760458E-02   3.32682231E-05   1.17747270E-04   1.66341116E-02   5.88736350E-02
       627   4.04362124E-05   1.74606320E-04   2.02181062E-02   8.73031602E-02   3.24445984E-05   1.24823922E-04   1.62222992E-02   6.24119612E-02
       628   4.18811182E-05   1.75031502E-04   2.09405591E-02   8.75157511E-02   3.25442109E-05   1.26950635E-04   1.62721054E-02   6.34753174E-02
       629   4.96756441E-05   1.73634047E-04   2.48378220E-02   8.68170237E-02   4.16433408E-05   1.17375595E-04   2.08216704E-02   5.86877977E-02
       630   4.38515666E-05   1.73618091E-04   2.19257833E-02   8.68090455E-02   3.38546646E-05   1.23991826E-04   1.69273323E-02   6.19959128E-02
       631   5.09112618E-05   1.73395276E-04   2.54556309E-02   8.66976379E-02   4.27848795E-05   1.19045230E-04   2.13924398E-02   5.95226151E-02
       632   3.50819571E-05   1.69802848E-04   1.75409785E-02   8.49014238E-02   2.80928101E-05   1.16431779E-04   1.40464051E-02   5.82158896E-02
       633   3.70387712E-05   1.71063629E-04   1.85193856E-02   8.55318143E-02   3.07014244E-05   1.15545477E-04   1.53507122E-02   5.77727384E-02
       634   4.31727727E-05   1.72804180E-04   2.15863864E-02   8.64020900E-02   3.44739614E-05   1.19394193E-04   1.72369807E-02   5.96970965E-02
       635   3.77559965E-05   1.71258567E-04   1.88779983E-02   8.56292834E-02   3.08393391E-05   1.17005211E-04   1.54196696E-02   5.85026057E-02
       636   3.43929851E-05   1.72531086E-04   1.71964925E-02   8.62655432E-02   2.76732255E-05   1.22573995E-04   1.38366127E-02   6.12869977E-02
       637   4.93467023E-05   1.73550124E-04   2.46733512E-02   8.67750619E-02   4.17034663E-05   1.17180074E-04   2.08517332E-02   5.85900369E-02
       638   3.62285885E-05   1.72148339E-04   1.81142943E-02   8.60741696E-02   2.81814911E-05   1.24063239E-04   1.40907456E-02   6.20316197E-02
       639   6.63333475E-05   1.78746934E-04   3.31666738E-02   8.93734670E-02   5.76711754E-05   1.27673247E-04   2.88355877E-02   6.38366233E-02
       640   4.12232882E-05   1.73054125E-04   2.06116441E-02   8.65270625E-02   3.22040457E-05   1.27088639E-04   1.61020228E-02   6.35443194E-02
       641   5.60150898E-05   1.77025673E-04   2.80075449E-02   8.85128365E-02   4.63215660E-05   1.32545471E-04   2.31607830E-02   6.62727353E-02
       642   3.84524778E-05   1.71486234E-04   1.92262389E-02   8.57431170E-02   3.08551721E-05   1.17836173E-04   1.54275860E-02   5.89180866E-02
       643   5.27818017E-05   1.73331726E-04   2.63909008E-02   8.66658629E-02   4.33738819E-05   1.17267657E-04   2.16869409E-02   5.86338287E-02
       644   4.16479540E-05   1.73348524E-04   2.08239770E-02   8.66742621E-02   3.40290152E-05   1.19495334E-04   1.70145076E-02   5.97476670E-02
       645   5.42638598E-05   1.74938306E-04   2.71319299E-02   8.74691529E-02   4.53590333E-05   1.17534015E-04   2.26795167E-02   5.87670073E-02
       646   3.86434901E-05   1.74364328E-04   1.93217450E-02   8.71821638E-02   2.94794072E-05   1.24004191E-04   1.47397036E-02   6.20020956E-02
       647   5.26348243E-05   1.76858948E-04   2.63174121E-02   8.84294742E-02   4.35586231E-05   1.20404354E-04   2.17793116E-02   6.02021768E-02
       648   3.88135827E-05   1.72967470E-04   1.94067913E-02   8.64837350E-02   3.15154009E-05   1.18895889E-04   1.57577005E-02   5.94479446E-02
       649   6.54234360E-05   1.80811453E-04   3.27117180E-02   9.04057266E-02   5.51738962E-05   1.45343588E-04   2.75869481E-02   7.26717942E-02
       650   3.68768465E-05   1.72145452E-04   1.84384232E-02   8.60727258E-02   2.82333882E-05   1.21684129E-04   1.41166941E-02   6.08420643E-02
       651   6.91424067E-05   1.81018744E-04   3.45712034E-02   9.05093722E-02   6.10332183E-05   1.28744239E-04   3.05166091E-02   6.43721197E-02
       652   6.83536153E-05   1.82442480E-04   3.41768076E-02   9.12212399E-02   6.06617714E-05   1.27963963E-04   3.03308857E-02   6.39819816E-02
       653   3.60455572E-05   1.73139703E-04   1.80227786E-02   8.65698516E-02   2.82471498E-05   1.23992536E-04   1.41235749E-02   6.19962678E-02
       654   4.09782798E-05   1.73914112E-04   2.04891399E-02   8.69570561E-02   3.15332483E-05   1.25505034E-04   1.57666241E-02   6.27525171E-02
       655   7.75286901E-05   1.90109238E-04   3.87643451E-02   9.50546191E-02   7.02840089E-05   1.52741948E-04   3.51420044E-02   7.63709738E-02
       656   4.07408473E-05   1.72979348E-04   2.03704237E-02   8.64896740E-02   3.34812162E-05   1.18108512E-04   1.67406081E-02   5.90542560E-02
       657   4.51408258E-05   1.75441455E-04   2.25704129E-02   8.77207273E-02   3.61884466E-05   1.33943526E-04   1.80942233E-02   6.69717628E-02
       658   3.58316394E-05   1.70965924E-04   1.79158197E-02   8.54829621E-02   2.90652880E-05   1.20176437E-04   1.45326440E-02   6.00882186E-02
       659   3.39238307E-05   1.71153840E-04   1.69619153E-02   8.55769202E-02   2.73689998E-05   1.19274839E-04   1.36844999E-02   5.96374195E-02
       660   7.07191835E-05   1.79860882E-04   3.53595918E-02   8.99304412E-02   6.30239066E-05   1.22717913E-04   3.15119533E-02   6.13589566E-02
       661   3.44097171E-05   1.73492916E-04   1.72048585E-02   8.67464581E-02   2.74783777E-05   1.23849184E-04   1.37391888E-02   6.19245920E-02
       662   3.40696303E-05   1.71566854E-04   1.70348152E-02   8.57834272E-02   2.75824847E-05   1.19866405E-04   1.37912424E-02   5.99332024E-02
       663   4.56819356E-05   1.74384480E-04   2.28409678E-02   8.71922402E-02   3.58863936E-05   1.28644247E-04   1.79431968E-02   6.43221237E-02
       664   3.37552399E-05   1.70382949E-04   1.68776199E-02   8.51914743E-02   2.71966589E-05   1.20519104E-04   1.35983294E-02   6.02595519E-02
       665   5.52092205E-05   1.74832862E-04   2.76046103E-02   8.74164309E-02   4.76499426E-05   1.20850014E-04   2.38249713E-02   6.04250070E-02
       666   3.50653863E-05   1.70217513E-04   1.75326931E-02   8.51087567E-02   2.88659793E-05   1.16065210E-04   1.44329896E-02   5.80326051E-02
       667   5.97826526E-05   1.74580286E-04   2.98913263E-02   8.72901432E-02   5.08156170E-05   1.23219091E-04   2.54078085E-02   6.16095455E-02
       668   3.42240361E-05   1.69938764E-04   1.71120181E-02   8.49693821E-02   2.74339734E-05   1.20609860E-04   1.37169867E-02   6.03049300E-02
       669   3.45071257E-05   1.69129138E-04   1.72535629E-02   8.45645692E-02   2.72413306E-05   1.18247708E-04   1.36206653E-02   5.91238540E-02
       670   4.68617933E-05   1.72561304E-04   2.34308967E-02   8.62806519E-02   3.73801378E-05   1.28418016E-04   1.86900689E-02   6.42090080E-02
       671   4.14934431E-05   1.70405061E-04   2.07467215E-02   8.52025303E-02   3.40734430E-05   1.16203841E-04   1.70367215E-02   5.81019203E-02
       672   3.45686163E-05   1.70505748E-04   1.72843082E-02   8.52528741E-02   2.73978487E-05   1.18250395E-04   1.36989243E-02   5.91251974E-02
       673   3.48598710E-05   1.70046787E-04   1.74299355E-02   8.50233934E-02   2.67836288E-05   1.21189216E-04   1.33918144E-02   6.05946078E-02
       674   4.43774179E-05   1.72883381E-04   2.21887090E-02   8.64416906E-02   3.52617024E-05   1.19838816E-04   1.76308512E-02   5.99194080E-02
       675   3.82397170E-05   1.70041356E-04   1.91198585E-02   8.50206779E-02   3.16935262E-05   1.15205721E-04   1.58467631E-02   5.76028604E-02
       676   3.38970060E-05   1.71618052E-04   1.69485030E-02   8.58090258E-02   2.70076896E-05   1.19050664E-04   1.35038448E-02   5.95253319E-02
       677   4.97345717E-05   1.77099488E-04   2.48672858E-02   8.85497438E-02   4.01086288E-05   1.38215084E-04   2.00543144E-02   6.91075418E-02
       678   4.97968634E-05   1.72911437E-04   2.48984317E-02   8.64557187E-02   4.20672314E-05   1.18068357E-04   2.10336157E-02   5.90341787E-02
       679   4.12676563E-05   1.74908730E-04   2.06338281E-02   8.74543652E-02   3.31690150E-05   1.32259835E-04   1.65845075E-02   6.61299176E-02
       680   3.84242137E-05   1.72012568E-04   1.92121068E-02   8.60062841E-02   3.18657538E-05   1.17342939E-04   1.59328769E-02   5.86714697E-02
       681   4.41591530E-05   1.74960633E-04   2.20795765E-02   8.74803163E-02   3.54857937E-05   1.20909600E-04   1.77428969E-02   6.04547999E-02
       682   4.65716844E-05   1.74269775E-04   2.32858422E-02   8.71348873E-02   3.64189355E-05   1.25470199E-04   1.82094678E-02   6.27350993E-02
       683   3.80091875E-05   1.73426364E-04   1.90045937E-02   8.67131822E-02   3.02230071E-05   1.18978799E-04   1.51115035E-02   5.94893997E-02
       684   5.35425904E-05   1.75835609E-04   2.67712952E-02   8.79178045E-02   4.40075443E-05   1.21993438E-04   2.20037722E-02   6.09967192E-02
       685   4.37272053E-05   1.74448570E-04   2.18636026E-02   8.72242850E-02   3.39447349E-05   1.25810879E-04   1.69723674E-02   6.29054394E-02
       686   6.08550770E-05   1.77614264E-04   3.04275385E-02   8.88071320E-02   5.33149351E-05   1.20727271E-04   2.66574675E-02   6.03636357E-02
       687   3.44066959E-05   1.72820923E-04   1.72033479E-02   8.64104616E-02   2.80561392E-05   1.22054243E-04   1.40280696E-02   6.10271216E-02
       688   4.47015846E-05   1.75777516E-04   2.23507923E-02   8.78887580E-02   3.59605067E-05   1.35184793E-04   1.79802534E-02   6.75923964E-02
       689   4.46505936E-05   1.70696812E-04   2.23252968E-02   8.53484062E-02   3.70507739E-05   1.15476004E-04   1.85253869E-02   5.77380020E-02
       690   4.73365126E-05   1.75119204E-04   2.36682563E-02   8.75596019E-02   3.81078236E-05   1.35777700E-04   1.90539118E-02   6.78888498E-02
       691   4.32456835E-05   1.72366574E-04   2.16228417E-02   8.61832870E-02   3.54036861E-05   1.16936786E-04   1.77018430E-02   5.84683929E-02
       692   3.88726633E-05   1.71931370E-04   1.94363316E-02   8.59656852E-02   3.06279446E-05   1.28090269E-04   1.53139723E-02   6.40451346E-02
       693   4.47337982E-05   1.72362504E-04   2.23668991E-02   8.61812518E-02   3.50911883E-05   1.25768494E-04   1.75455942E-02   6.28842470E-02
       694   3.84357464E-05   1.73033394E-04   1.92178732E-02   8.65166970E-02   2.98115297E-05   1.27336667E-04   1.49057649E-02   6.36683337E-02
       695   3.51392334E-05   1.72346795E-04   1.75696167E-02   8.61733973E-02   2.78657855E-05   1.24441309E-04   1.39328928E-02   6.22206545E-02
       696   3.74936071E-05   1.72707799E-04   1.87468035E-02   8.63538994E-02   2.93104295E-05   1.23488972E-04   1.46552147E-02   6.17444860E-02
       697   4.77709949E-05   1.72980040E-04   2.38854975E-02   8.64900202E-02   4.04906905E-05   1.19033998E-04   2.02453453E-02   5.95169988E-02
       698   3.56145531E-05   1.71068193E-04   1.78072765E-02   8.55340964E-02   2.81192409E-05   1.20602468E-04   1.40596204E-02   6.03012338E-02
       699   3.32683951E-05   1.70791934E-04   1.66341975E-02   8.53959672E-02   2.64437853E-05   1.19880936E-04   1.32218926E-02   5.99404679E-02
       700   3.56409475E-05   1.72704821E-04   1.78204737E-02   8.63524104E-02   2.85360931E-05   1.25661528E-04   1.42680466E-02   6.28307641E-02
       701   3.49600947E-05   1.72480467E-04   1.74800474E-02   8.62402336E-02   2.84163656E-05   1.18517606E-04   1.42081828E-02   5.92588029E-02
       702   3.50885298E-05   1.70938938E-04   1.75442649E-02   8.54694689E-02   2.82660984E-05   1.18662089E-04   1.41330492E-02   5.93310443E-02
       703   3.43387338E-05   1.69579260E-04   1.71693669E-02   8.47896302E-02   2.77851381E-05   1.16928110E-04   1.38925691E-02   5.84640548E-02
       704   3.67795265E-05   1.71367517E-04   1.83897632E-02   8.56837587E-02   2.89982950E-05   1.25381237E-04   1.44991475E-02   6.26906185E-02
       705   6.36748426E-05   1.78713141E-04   3.18374213E-02   8.93565705E-02   5.38780215E-05   1.24872732E-04   2.69390107E-02   6.24363659E-02
       706   8.37134026E-05   1.85857694E-04   4.18567013E-02   9.29288469E-02   7.46929360E-05   1.39472389E-04   3.73464680E-02   6.97361944E-02
       707   3.65641909E-05   1.71397888E-04   1.82820955E-02   8.56989442E-02   2.84720833E-05   1.20878766E-04   1.42360417E-02   6.04393830E-02
       708   3.53140714E-05   1.71844027E-04   1.76570357E-02   8.59220133E-02   2.88303038E-05   1.18217407E-04   1.44151519E-02   5.91087033E-02
       709   5.93874167E-05   1.78550705E-04   2.96937084E-02   8.92753526E-02   4.96822996E-05   1.27435881E-04   2.48411498E-02   6.37179406E-02
       710   3.82223277E-05   1.71812304E-04   1.91111639E-02   8.59061520E-02   2.98903149E-05   1.18296071E-04   1.49451575E-02   5.91480355E-02
       711   3.30804938E-05   1.70906295E-04   1.65402469E-02   8.54531474E-02   2.67992214E-05   1.17793350E-04   1.33996107E-02   5.88966751E-02
       712   7.91201526E-05   1.84123620E-04   3.95600763E-02   9.20618101E-02   7.12921296E-05   1.33749265E-04   3.56460648E-02   6.68746323E-02
       713   8.94031368E-05   1.93669735E-04   4.47015684E-02   9.68348676E-02   8.16285983E-05   1.61634987E-04   4.08142992E-02   8.08174937E-02
       714   4.86815896E-05   1.75646002E-04   2.43407948E-02   8.78230010E-02   3.97000244E-05   1.33885711E-04   1.98500122E-02   6.69428556E-02
       715   3.91557473E-05   1.70933597E-04   1.95778736E-02   8.54667986E-02   3.15442592E-05   1.16511523E-04   1.57721296E-02   5.82557614E-02
       716   3.73895716E-05   1.73267520E-04   1.86947858E-02   8.66337598E-02   2.97691951E-05   1.27936553E-04   1.48845975E-02   6.39682766E-02
       717   4.47797500E-05   1.72725391E-04   2.23898750E-02   8.63626955E-02   3.69006731E-05   1.18351943E-04   1.84503366E-02   5.91759716E-02
       718   4.75425361E-05   1.74420690E-04   2.37712681E-02   8.72103449E-02   3.93062507E-05   1.18634196E-04   1.96531254E-02   5.93170979E-02
       719   5.29220618E-05   1.75813812E-04   2.64610309E-02   8.79069061E-02   4.42247984E-05   1.19796306E-04   2.21123992E-02   5.98981528E-02
       720   3.77782204E-05   1.73140007E-04   1.88891102E-02   8.65700033E-02   2.96263984E-05   1.25987830E-04   1.48131992E-02   6.29939152E-02
       721   7.31256811E-05   1.82230039E-04   3.65628406E-02   9.11150195E-02   6.59990006E-05   1.29193144E-04   3.29995003E-02   6.45965722E-02
       722   3.86589768E-05   1.73006702E-04   1.93294884E-02   8.65033509E-02   3.01784636E-05   1.25719827E-04   1.50892318E-02   6.28599134E-02
       723   3.34053002E-05   1.70315549E-04   1.67026501E-02   8.51577746E-02   2.70599671E-05   1.17273241E-04   1.35299836E-02   5.86366207E-02
       724   3.47919951E-05   1.71451119E-04   1.73959976E-02   8.57255596E-02   2.78039976E-05   1.23877726E-04   1.39019988E-02   6.19388630E-02
       725   3.79480574E-05   1.72086982E-04   1.89740287E-02   8.60434909E-02   2.99423382E-05   1.27415531E-04   1.49711691E-02   6.37077657E-02
       726   4.65269514E-05   1.72211621E-04   2.32634757E-02   8.61058107E-02   3.65800794E-05   1.22965123E-04   1.82900397E-02   6.14825615E-02
       727   3.70463759E-05   1.70984918E-04   1.85231879E-02   8.54924589E-02   3.08069303E-05   1.16559451E-04   1.54034651E-02   5.82797255E-02
       728   3.84443028E-05   1.71018157E-04   1.92221514E-02   8.55090784E-02   2.97920645E-05   1.19459662E-04   1.48960322E-02   5.97298310E-02
       729   4.85779338E-05   1.75683180E-04   2.42889669E-02   8.78415900E-02   4.01346231E-05   1.19187016E-04   2.00673115E-02   5.95935081E-02
       730   4.57625582E-05   1.74431227E-04   2.28812791E-02   8.72156135E-02   3.63980298E-05   1.31363014E-04   1.81990149E-02   6.56815071E-02
       731   4.85498979E-05   1.73530523E-04   2.42749489E-02   8.67652614E-02   4.11532298E-05   1.17582428E-04   2.05766149E-02   5.87912141E-02
       732   9.09548040E-05   1.89447394E-04   4.54774020E-02   9.47236969E-02   7.59841043E-05   1.48658442E-04   3.79920522E-02   7.43292212E-02
       733   4.33065288E-05   1.72398995E-04   2.16532644E-02   8.61994973E-02   3.41882927E-05   1.20656268E-04   1.70941464E-02   6.03281340E-02
       734   3.40419890E-05   1.69421644E-04   1.70209945E-02   8.47108219E-02   2.68264294E-05   1.16734027E-04   1.34132147E-02   5.83670136E-02
       735   4.65540501E-05   1.72412409E-04   2.32770250E-02   8.62062044E-02   3.65411330E-05   1.24172614E-04   1.82705665E-02   6.20863068E-02
       736   3.70384519E-05   1.71145672E-04   1.85192259E-02   8.55728361E-02   3.09727431E-05   1.16750497E-04   1.54863716E-02   5.83752486E-02
       737   3.43509229E-05   1.68914028E-04   1.71754614E-02   8.44570141E-02   2.75949824E-05   1.17358721E-04   1.37974912E-02   5.86793606E-02
       738   4.91138219E-05   1.74156847E-04   2.45569110E-02   8.70784236E-02   3.99378437E-05   1.29663651E-04   1.99689218E-02   6.48318255E-02
       739   4.45486930E-05   1.71917788E-04   2.22743465E-02   8.59588942E-02   3.76532528E-05   1.18621970E-04   1.88266264E-02   5.93109852E-02
       740   3.77842548E-05   1.71511089E-04   1.88921274E-02   8.57555445E-02   3.06182846E-05   1.20072486E-04   1.53091423E-02   6.00362428E-02
       741   3.51472151E-05   1.70756761E-04   1.75736075E-02   8.53783805E-02   2.86898570E-05   1.17404109E-04   1.43449285E-02   5.87020546E-02
       742   3.42372692E-05   1.71540174E-04   1.71186346E-02   8.57700871E-02   2.69299952E-05   1.23008474E-04   1.34649976E-02   6.15042371E-02
       743   5.60820429E-05   1.78978669E-04   2.80410214E-02   8.94893346E-02   4.63377933E-05   1.41786717E-04   2.31688966E-02   7.08933586E-02
       744   3.78686215E-05   1.70686228E-04   1.89343108E-02   8.53431140E-02   2.95790729E-05   1.26377105E-04   1.47895365E-02   6.31885527E-02
       745   4.97987712E-05   1.72982973E-04   2.48993856E-02   8.64914863E-02   4.15609472E-05   1.17149666E-04   2.07804736E-02   5.85748328E-02
       746   4.44575011E-05   1.70945865E-04   2.22287506E-02   8.54729324E-02   3.44739913E-05   1.22984246E-04   1.72369957E-02   6.14921228E-02
       747   6.09908477E-05   1.75919679E-04   3.04954238E-02   8.79598394E-02   5.18038683E-05   1.18956852E-04   2.59019342E-02   5.94784261E-02
       748   3.93177324E-05   1.70755032E-04   1.96588662E-02   8.53775158E-02   3.15366362E-05   1.15631173E-04   1.57683181E-02   5.78155867E-02
       749   4.40320577E-05   1.75947919E-04   2.20160288E-02   8.79739593E-02   3.49313996E-05   1.28618969E-04   1.74656998E-02   6.43094846E-02
       750   3.28682883E-05   1.69719659E-04   1.64341441E-02   8.48598294E-02   2.57886448E-05   1.20441323E-04   1.28943224E-02   6.02206615E-02
       751   3.95843774E-05   1.73067593E-04   1.97921887E-02   8.65337965E-02   3.08875802E-05   1.28439565E-04   1.54437901E-02   6.42197827E-02
       752   3.42252640E-05   1.69065716E-04   1.71126320E-02   8.45328578E-02   2.82105527E-05   1.15553657E-04   1.41052763E-02   5.77768283E-02
       753   5.20986901E-05   1.75784206E-04   2.60493451E-02   8.78921029E-02   4.29198021E-05   1.36119350E-04   2.14599010E-02   6.80596751E-02
       754   3.56971983E-05   1.71036202E-04   1.78485991E-02   8.55181011E-02   2.81002677E-05   1.20824805E-04   1.40501338E-02   6.04124027E-02
       755   4.82911496E-05   1.72610035E-04   2.41455748E-02   8.63050173E-02   3.92619326E-05   1.18147912E-04   1.96309663E-02   5.90739558E-02
       756   3.32694191E-05   1.69455198E-04   1.66347095E-02   8.47275988E-02   2.56066752E-05   1.19581467E-04   1.28033376E-02   5.97907337E-02
       757   3.77223047E-05   1.71592080E-04   1.88611523E-02   8.57960400E-02   3.08370352E-05   1.19663233E-04   1.54185176E-02   5.98316165E-02
       758   4.58580989E-05   1.72542184E-04   2.29290494E-02   8.62710920E-02   3.61576199E-05   1.25918079E-04   1.80788099E-02   6.29590397E-02
       759   3.33677929E-05   1.69640460E-04   1.66838964E-02   8.48202302E-02   2.60492286E-05   1.18817742E-04   1.30246143E-02   5.94088711E-02
       760   3.57461993E-05   1.68957204E-04   1.78730996E-02   8.44786022E-02   2.82878899E-05   1.17629995E-04   1.41439450E-02   5.88149977E-02
       761   3.32156785E-05   1.68499539E-04   1.66078393E-02   8.42497696E-02   2.63029790E-05   1.19495334E-04   1.31514895E-02   5.97476672E-02
       762   4.47801700E-05   1.70437090E-04   2.23900850E-02   8.52185449E-02   3.58625060E-05   1.18252476E-04   1.79312530E-02   5.91262378E-02
       763   3.39337096E-05   1.68819627E-04   1.69668548E-02   8.44098134E-02   2.65246449E-05   1.20401727E-04   1.32623224E-02   6.02008637E-02
       764   3.27665148E-05   1.68826980E-04   1.63832574E-02   8.44134900E-02   2.66255887E-05   1.16559646E-04   1.33127944E-02   5.82798229E-02
       765   4.46340551E-05   1.70189773E-04   2.23170276E-02   8.50948867E-02   3.64768516E-05   1.15990911E-04   1.82384258E-02   5.79954556E-02
       766   3.66756169E-05   1.68597262E-04   1.83378084E-02   8.42986308E-02   2.95318084E-05   1.16962163E-04   1.47659042E-02   5.84810813E-02
       767   3.46131754E-05   1.68758009E-04   1.73065877E-02   8.43790044E-02   2.81945570E-05   1.17026174E-04   1.40972785E-02   5.85130872E-02
       768   4.82357728E-05   1.71692621E-04   2.41178864E-02   8.58463105E-02   3.82417153E-05   1.24788319E-04   1.91208577E-02   6.23941595E-02
       769   3.59894701E-05   1.70011273E-04   1.79947350E-02   8.50056364E-02   2.81389123E-05   1.22802642E-04   1.40694561E-02   6.14013209E-02
       770   4.31593969E-05   1.70452730E-04   2.15796984E-02   8.52263649E-02   3.64630848E-05   1.15293283E-04   1.82315424E-02   5.76466414E-02
       771   5.08248275E-05   1.72300806E-04   2.54124137E-02   8.61504032E-02   4.24338531E-05   1.16733556E-04   2.12169266E-02   5.83667780E-02
       772   3.46678692E-05   1.70097363E-04   1.73339346E-02   8.50486815E-02   2.72737231E-05   1.23732894E-04   1.36368616E-02   6.18664469E-02
       773   3.56690032E-05   1.68206905E-04   1.78345016E-02   8.41034527E-02   2.85648784E-05   1.15385309E-04   1.42824392E-02   5.76926544E-02
       774   5.41878380E-05   1.72773936E-04   2.70939190E-02   8.63869680E-02   4.53150774E-05   1.16870963E-04   2.26575387E-02   5.84354817E-02
       775   3.32194442E-05   1.68425220E-04   1.66097221E-02   8.42126101E-02   2.59140491E-05   1.19835654E-04   1.29570245E-02   5.99178271E-02
       776   3.66733312E-05   1.69575369E-04   1.83366656E-02   8.47876846E-02   2.85364126E-05   1.21335293E-04   1.42682063E-02   6.06676467E-02
       777   4.13110495E-05   1.70380361E-04   2.06555248E-02   8.51901805E-02   3.22279799E-05   1.24940890E-04   1.61139900E-02   6.24704448E-02
       778   7.39421716E-05   1.84431148E-04   3.69710858E-02   9.22155738E-02   6.16287206E-05   1.53835737E-04   3.08143603E-02   7.69178684E-02
       779   4.19784346E-05   1.70232832E-04   2.09892173E-02   8.51164160E-02   3.52513946E-05   1.17196804E-04   1.76256973E-02   5.85984018E-02
       780   3.33743677E-05   1.69925831E-04   1.66871839E-02   8.49629154E-02   2.58313937E-05   1.19058485E-04   1.29156968E-02   5.95292426E-02
       781   4.78619568E-05   1.73222224E-04   2.39309784E-02   8.66111118E-02   3.83068170E-05   1.26344341E-04   1.91534085E-02   6.31721704E-02
       782   3.45228655E-05   1.71172241E-04   1.72614328E-02   8.55861207E-02   2.72701036E-05   1.20182989E-04   1.36350518E-02   6.00914945E-02
       783   3.62669710E-05   1.70814972E-04   1.81334855E-02   8.54074858E-02   2.82267652E-05   1.25264560E-04   1.41133826E-02   6.26322799E-02
       784   6.41415226E-05   1.78923420E-04   3.20707613E-02   8.94617101E-02   5.46268717E-05   1.30051276E-04   2.73134358E-02   6.50256382E-02
       785   3.63620381E-05   1.71285483E-04   1.81810191E-02   8.56427415E-02   2.76771467E-05   1.23324843E-04   1.38385733E-02   6.16624214E-02
       786   5.18032851E-05   1.72682560E-04   2.59016426E-02   8.63412799E-02   4.29558519E-05   1.17174415E-04   2.14779260E-02   5.85872073E-02
       787   3.69562374E-05   1.71377408E-04   1.84781187E-02   8.56887038E-02   3.01255229E-05   1.20148743E-04   1.50627615E-02   6.00743717E-02
       788   4.73030656E-05   1.74641852E-04   2.36515328E-02   8.73209260E-02   3.76266053E-05   1.36267805E-04   1.88133027E-02   6.81339027E-02
       789   3.92235597E-05   1.69086532E-04   1.96117799E-02   8.45432660E-02   3.17039242E-05   1.14751830E-04   1.58519621E-02   5.73759152E-02
       790   3.58970491E-05   1.68596461E-04   1.79485246E-02   8.42982306E-02   2.79868560E-05   1.22980777E-04   1.39934280E-02   6.14903883E-02
       791   5.11786814E-05   1.71436803E-04   2.55893407E-02   8.57184014E-02   4.36347440E-05   1.16360903E-04   2.18173720E-02   5.81804516E-02
       792   5.00218998E-05   1.72143750E-04   2.50109499E-02   8.60718752E-02   4.26849542E-05   1.17823137E-04   2.13424771E-02   5.89115686E-02
       793   4.91253975E-05   1.72927407E-04   2.45626987E-02   8.64637036E-02   4.16688644E-05   1.16635043E-04   2.08344322E-02   5.83175214E-02
       794   3.23444646E-05   1.67395694E-04   1.61722323E-02   8.36978472E-02   2.52597221E-05   1.16198930E-04   1.26298610E-02   5.80994651E-02
       795   3.44461008E-05   1.68076690E-04   1.72230504E-02   8.40383452E-02   2.61936625E-05   1.20804192E-04   1.30968313E-02   6.04020958E-02
       796   4.04499793E-05   1.71059897E-04   2.02249896E-02   8.55299486E-02   3.18085123E-05   1.29160625E-04   1.59042562E-02   6.45803127E-02
       797   8.71632771E-05   1.84510117E-04   4.35816386E-02   9.22550587E-02   8.07070424E-05   1.27339745E-04   4.03535212E-02   6.36698727E-02
       798   3.28293177E-05   1.68504484E-04   1.64146588E-02   8.42522421E-02   2.65859499E-05   1.15611096E-04   1.32929749E-02   5.78055478E-02
       799   5.59148388E-05   1.74299146E-04   2.79574194E-02   8.71495731E-02   4.85571550E-05   1.17071385E-04   2.42785775E-02   5.85356926E-02
       800   4.64092055E-05   1.72619619E-04   2.32046028E-02   8.63098097E-02   3.82126681E-05   1.17985419E-04   1.91063340E-02   5.89927097E-02
       801   4.47390755E-05   1.71582725E-04   2.23695377E-02   8.57913624E-02   3.52982046E-05   1.25264163E-04   1.76491023E-02   6.26320815E-02
       802   4.22820899E-05   1.73481625E-04   2.11410449E-02   8.67408125E-02   3.34227220E-05   1.28343030E-04   1.67113610E-02   6.41715152E-02
       803   3.17719950E-05   1.68978490E-04   1.58859975E-02   8.44892448E-02   2.54244028E-05   1.17152308E-04   1.27122014E-02   5.85761539E-02
       804   4.47277911E-05   1.72503815E-04   2.23638955E-02   8.62519076E-02   3.73143804E-05   1.16346815E-04   1.86571902E-02   5.81734075E-02
       805   3.96766937E-05   1.71494655E-04   1.98383469E-02   8.57473276E-02   3.06975520E-05   1.20498931E-04   1.53487760E-02   6.02494655E-02
       806   5.75581317E-05   1.75288992E-04   2.87790659E-02   8.76444961E-02   4.90479531E-05   1.24480128E-04   2.45239766E-02   6.22400641E-02
       807   3.88443928E-05   1.72533277E-04   1.94221964E-02   8.62666384E-02   3.02446860E-05   1.28068168E-04   1.51223430E-02   6.40340840E-02
       808   3.33675514E-05   1.69865062E-04   1.66837757E-02   8.49325309E-02   2.64687182E-05   1.18159238E-04   1.32343591E-02   5.90796192E-02
       809   3.18071100E-05   1.68458737E-04   1.59035550E-02   8.42293685E-02   2.51999198E-05   1.17114826E-04   1.25999599E-02   5.85574131E-02
       810   3.34483865E-05   1.68192096E-04   1.67241933E-02   8.40960482E-02   2.72436828E-05   1.15831869E-04   1.36218414E-02   5.79159346E-02
       811   3.25685235E-05   1.69729834E-04   1.62842618E-02   8.48649168E-02   2.61006776E-05   1.20196448E-04   1.30503388E-02   6.00982241E-02
       812   7.48277010E-05   1.81797608E-04   3.74138505E-02   9.08988042E-02   6.52786407E-05   1.34850074E-04   3.26393204E-02   6.74250370E-02
       813   4.04634952E-05   1.70958335E-04   2.02317476E-02   8.54791676E-02   3.31477198E-05   1.17567045E-04   1.65738599E-02   5.87835226E-02
       814   3.88379108E-05   1.72893720E-04   1.94189554E-02   8.64468602E-02   3.00050598E-05   1.28928746E-04   1.50025299E-02   6.44643731E-02
       815   3.20072772E-05   1.70185095E-04   1.60036386E-02   8.50925474E-02   2.53798590E-05   1.19028035E-04   1.26899295E-02   5.95140174E-02
       816   3.93835230E-05   1.69603601E-04   1.96917615E-02   8.48018007E-02   3.21732724E-05   1.16139855E-04   1.60866362E-02   5.80699276E-02
       817   3.86828954E-05   1.69255754E-04   1.93414477E-02   8.46278769E-02   3.23395569E-05   1.15702604E-04   1.61697784E-02   5.78513021E-02
       818   4.76483204E-05   1.71535950E-04   2.38241602E-02   8.57679752E-02   3.92253497E-05   1.16407314E-04   1.96126748E-02   5.82036572E-02
       819   4.74914092E-05   1.72037822E-04   2.37457046E-02   8.60189112E-02   3.83569791E-05   1.28656744E-04   1.91784895E-02   6.43283718E-02
       820   3.51534668E-05   1.70703181E-04   1.75767334E-02   8.53515907E-02   2.83138624E-05   1.25149654E-04   1.41569312E-02   6.25748272E-02
       821   4.42334963E-05   1.70086746E-04   2.21167481E-02   8.50433732E-02   3.47402154E-05   1.20932779E-04   1.73701077E-02   6.04663894E-02
       822   4.08611523E-05   1.71401210E-04   2.04305761E-02   8.57006051E-02   3.37083033E-05   1.21143434E-04   1.68541516E-02   6.05717172E-02
       823   3.52826702E-05   1.69063250E-04   1.76413351E-02   8.45316249E-02   2.67817067E-05   1.20140435E-04   1.33908533E-02   6.00702174E-02
       824   4.10322013E-05   1.71555091E-04   2.05161006E-02   8.57775455E-02   3.18003438E-05   1.25167140E-04   1.59001719E-02   6.25835698E-02
       825   3.27291743E-05   1.68577522E-04   1.63645872E-02   8.42887610E-02   2.63215222E-05   1.16671394E-04   1.31607611E-02   5.83356970E-02
       826   3.46413593E-05   1.70004531E-04   1.73206796E-02   8.50022653E-02   2.79628603E-05   1.15307233E-04   1.39814302E-02   5.76536166E-02
       827   4.91958365E-05   1.74988677E-04   2.45979183E-02   8.74943385E-02   4.02727750E-05   1.30765371E-04   2.01363875E-02   6.53826853E-02
       828   3.28166940E-05   1.71266973E-04   1.64083470E-02   8.56334865E-02   2.53770335E-05   1.20261951E-04   1.26885168E-02   6.01309755E-02
       829   3.94085992E-05   1.71244607E-04   1.97042996E-02   8.56223037E-02   3.28454619E-05   1.16609544E-04   1.64227310E-02   5.83047719E-02
       830   3.17397869E-05   1.69264523E-04   1.58698934E-02   8.46322617E-02   2.54458517E-05   1.16449448E-04   1.27229259E-02   5.82247239E-02
       831   4.28828015E-05   1.73302781E-04   2.14414007E-02   8.66513906E-02   3.37554857E-05   1.29199344E-04   1.68777429E-02   6.45996719E-02
       832   3.74263737E-05   1.72411939E-04   1.87131868E-02   8.62059693E-02   2.84891693E-05   1.23938035E-04   1.42445846E-02   6.19690176E-02
       833   3.63382862E-05   1.71162053E-04   1.81691431E-02   8.55810267E-02   2.76883520E-05   1.22764268E-04   1.38441760E-02   6.13821338E-02
       834   3.49535003E-05   1.69350657E-04   1.74767501E-02   8.46753286E-02   2.68351833E-05   1.22600902E-04   1.34175917E-02   6.13004510E-02
       835   3.76025449E-05   1.71241173E-04   1.88012724E-02   8.56205864E-02   3.06545745E-05   1.16445660E-04   1.53272872E-02   5.82228300E-02
       836   9.07209592E-05   1.87896512E-04   4.53604796E-02   9.39482560E-02   8.44433935E-05   1.30182978E-04   4.22216968E-02   6.50914892E-02
       837   3.60671009E-05   1.70996857E-04   1.80335504E-02   8.54984285E-02   2.96578946E-05   1.16201910E-04   1.48289473E-02   5.81009548E-02
       838   4.82226174E-05   1.73054007E-04   2.41113087E-02   8.65270034E-02   4.11505730E-05   1.16802178E-04   2.05752865E-02   5.84010888E-02
       839   3.30161343E-05   1.68501528E-04   1.65080671E-02   8.42507639E-02   2.60732480E-05   1.19496392E-04   1.30366240E-02   5.97481959E-02
       840   3.57006751E-05   1.69130413E-04   1.78503375E-02   8.45652066E-02   2.81790409E-05   1.20704377E-04   1.40895205E-02   6.03521884E-02
       841   3.25725097E-05   1.67776335E-04   1.62862548E-02   8.38881673E-02   2.56122531E-05   1.18024583E-04   1.28061265E-02   5.90122913E-02
       842   3.64285809E-05   1.70477267E-04   1.82142905E-02   8.52386333E-02   2.78919492E-05   1.21585450E-04   1.39459746E-02   6.07927248E-02
       843   3.58667602E-05   1.71037267E-04   1.79333801E-02   8.55186336E-02   2.97234259E-05   1.16586688E-04   1.48617130E-02   5.82933438E-02
       844   3.44196406E-05   1.71647358E-04   1.72098203E-02   8.58236792E-02   2.71554673E-05   1.24081228E-04   1.35777336E-02   6.20406138E-02
       845   6.57030426E-05   1.76843604E-04   3.28515213E-02   8.84218019E-02   5.76428199E-05   1.27224308E-04   2.88214100E-02   6.36121542E-02
       846   3.86457333E-05   1.70610065E-04   1.93228667E-02   8.53050327E-02   3.15406813E-05   1.21721800E-04   1.57703406E-02   6.08608998E-02
       847   3.90677977E-05   1.70787986E-04   1.95338989E-02   8.53939932E-02   3.24535774E-05   1.16117528E-04   1.62267887E-02   5.80587642E-02
       848   3.31359565E-05   1.67725889E-04   1.65679783E-02   8.38629445E-02   2.56492266E-05   1.16343989E-04   1.28246133E-02   5.81719946E-02
       849   6.85360728E-05   1.80061427E-04   3.42680364E-02   9.00307135E-02   6.09192706E-05   1.44258271E-04   3.04596353E-02   7.21291354E-02
       850   6.31915588E-05   1.75834671E-04   3.15957794E-02   8.79173356E-02   5.64889324E-05   1.20140628E-04   2.82444662E-02   6.00703138E-02
       851   4.79271786E-05   1.73842647E-04   2.39635893E-02   8.69213237E-02   3.86501408E-05   1.28940005E-04   1.93250704E-02   6.44700023E-02
       852   5.50586727E-05   1.74000650E-04   2.75293364E-02   8.70003250E-02   4.64660331E-05   1.21778740E-04   2.32330165E-02   6.08893700E-02
       853   7.38365145E-05   1.78047228E-04   3.69182572E-02   8.90236142E-02   6.58289277E-05   1.29880984E-04   3.29144639E-02   6.49404919E-02
       854   3.97300045E-05   1.70582150E-04   1.98650023E-02   8.52910750E-02   3.03450663E-05   1.23371822E-04   1.51725332E-02   6.16859111E-02
       855   6.31478319E-05   1.79211332E-04   3.15739160E-02   8.96056662E-02   5.23999310E-05   1.45959613E-04   2.61999655E-02   7.29798065E-02
       856   3.20714130E-05   1.67680172E-04   1.60357065E-02   8.38400862E-02   2.50269381E-05   1.19002093E-04   1.25134691E-02   5.95010466E-02
       857   5.20989161E-05   1.69814849E-04   2.60494581E-02   8.49074246E-02   4.26358528E-05   1.26328830E-04   2.13179264E-02   6.31644152E-02
       858   3.27500339E-05   1.67866564E-04   1.63750170E-02   8.39332820E-02   2.69909088E-05   1.15416947E-04   1.34954544E-02   5.77084735E-02
       859   3.81648113E-05   1.68504338E-04   1.90824056E-02   8.42521689E-02   3.14888472E-05   1.14539042E-04   1.57444236E-02   5.72695209E-02
       860   4.31047663E-05   1.71008484E-04   2.15523831E-02   8.55042419E-02   3.36212668E-05   1.26380436E-04   1.68106334E-02   6.31902179E-02
       861   3.17065025E-05   1.69108626E-04   1.58532512E-02   8.45543129E-02   2.49133150E-05   1.19486643E-04   1.24566575E-02   5.97433216E-02
       862   3.36808155E-05   1.68569800E-04   1.68404078E-02   8.42849002E-02   2.71642365E-05   1.15162467E-04   1.35821182E-02   5.75812334E-02
       863   4.72918582E-05   1.72971499E-04   2.36459291E-02   8.64857493E-02   3.94988526E-05   1.27379068E-04   1.97494263E-02   6.36895339E-02
       864   4.73564711E-05   1.71780050E-04   2.36782356E-02   8.58900248E-02   3.76095596E-05   1.21787734E-04   1.88047798E-02   6.08938671E-02
       865   3.62121897E-05   1.70143028E-04   1.81060948E-02   8.50715142E-02   2.97768028E-05   1.15791088E-04   1.48884014E-02   5.78955441E-02
       866   4.10224394E-05   1.70274004E-04   2.05112197E-02   8.51370018E-02   3.17257952E-05   1.26475575E-04   1.58628976E-02   6.32377874E-02
       867   5.08332354E-05   1.74306845E-04   2.54166177E-02   8.71534223E-02   4.15625657E-05   1.36244668E-04   2.07812829E-02   6.81223342E-02
       868   3.66820992E-05   1.68832593E-04   1.83410496E-02   8.44162963E-02   2.80932432E-05   1.24639812E-04   1.40466216E-02   6.23199059E-02
       869   3.34334228E-05   1.69307192E-04   1.67167114E-02   8.46535958E-02   2.63970784E-05   1.20603154E-04   1.31985392E-02   6.03015771E-02
       870   9.24736173E-05   1.88972460E-04   4.62368087E-02   9.44862301E-02   8.51344374E-05   1.28865750E-04   4.25672187E-02   6.44328749E-02
       871   5.16942960E-05   1.73537296E-04   2.58471480E-02   8.67686482E-02   4.21379631E-05   1.24822361E-04   2.10689815E-02   6.24111804E-02
       872   3.97628139E-05   1.69190866E-04   1.98814069E-02   8.45954330E-02   3.29189353E-05   1.15715822E-04   1.64594676E-02   5.78579112E-02
       873   3.83996808E-05   1.70320086E-04   1.91998404E-02   8.51600432E-02   3.19852263E-05   1.16633499E-04   1.59926132E-02   5.83167493E-02
       874   5.94963790E-05   1.75428994E-04   2.97481895E-02   8.77144971E-02   4.88201606E-05   1.22175546E-04   2.44100803E-02   6.10877731E-02
       875   3.13247927E-05   1.69226296E-04   1.56623964E-02   8.46131482E-02   2.52108050E-05   1.16718743E-04   1.26054025E-02   5.83593715E-02
       876   4.87183388E-05   1.71202670E-04   2.43591694E-02   8.56013351E-02   3.88587202E-05   1.20912356E-04   1.94293601E-02   6.04561779E-02
       877   3.21885216E-05   1.69190493E-04   1.60942608E-02   8.45952467E-02   2.53379500E-05   1.18015725E-04   1.26689750E-02   5.90078627E-02
       878   3.42659337E-05   1.69188467E-04   1.71329669E-02   8.45942335E-02   2.66356296E-05   1.19916853E-04   1.33178148E-02   5.99584266E-02
       879   3.44158464E-05   1.69574514E-04   1.72079232E-02   8.47872571E-02   2.63899514E-05   1.20736359E-04   1.31949757E-02   6.03681793E-02
       880   4.13440288E-05   1.69761339E-04   2.06720144E-02   8.48806696E-02   3.37867609E-05   1.15442233E-04   1.68933805E-02   5.77211163E-02
       881   3.43826858E-05   1.69566195E-04   1.71913429E-02   8.47830973E-02   2.80266737E-05   1.14747391E-04   1.40133369E-02   5.73736957E-02
       882   3.47106059E-05   1.70301056E-04   1.73553030E-02   8.51505279E-02   2.77434252E-05   1.21406539E-04   1.38717126E-02   6.07032695E-02
       883   3.83541536E-05   1.70449543E-04   1.91770768E-02   8.52247717E-02   3.11361351E-05   1.20977796E-04   1.55680675E-02   6.04888979E-02
       884   3.19816241E-05   1.68915504E-04   1.59908121E-02   8.44577520E-02   2.51264465E-05   1.19048843E-04   1.25632232E-02   5.95244216E-02
       885   4.26946596E-05   1.72734953E-04   2.13473298E-02   8.63674763E-02   3.34023428E-05   1.29339067E-04   1.67011714E-02   6.46695337E-02
       886   4.19243899E-05   1.71344920E-04   2.09621950E-02   8.56724599E-02   3.31523427E-05   1.22640356E-04   1.65761714E-02   6.13201778E-02
       887   4.31246200E-05   1.71668772E-04   2.15623100E-02   8.58343862E-02   3.59636602E-05   1.17096014E-04   1.79818301E-02   5.85480070E-02
       888   3.98196838E-05   1.71862586E-04   1.99098419E-02   8.59312932E-02   3.27976005E-05   1.16823989E-04   1.63988002E-02   5.84119946E-02
       889   6.16897977E-05   1.74087875E-04   3.08448988E-02   8.70439377E-02   5.41462572E-05   1.24089466E-04   2.70731286E-02   6.20447329E-02
       890   3.29308564E-05   1.68233250E-04   1.64654282E-02   8.41166252E-02   2.66238055E-05   1.15357059E-04   1.33119028E-02   5.76785295E-02
       891   6.40720933E-05   1.75887817E-04   3.20360467E-02   8.79439084E-02   5.15495587E-05   1.30850507E-04   2.57747794E-02   6.54252536E-02
       892   4.09574203E-05   1.68604045E-04   2.04787101E-02   8.43020223E-02   3.16595168E-05   1.20169497E-04   1.58297584E-02   6.00847485E-02
       893   4.54127127E-05   1.71809584E-04   2.27063563E-02   8.59047921E-02   3.66214872E-05   1.28854426E-04   1.83107436E-02   6.44272131E-02
       894   3.95205465E-05   1.70897808E-04   1.97602733E-02   8.54489038E-02   3.03278555E-05   1.23444537E-04   1.51639277E-02   6.17222686E-02
       895   3.32983926E-05   1.67664468E-04   1.66491963E-02   8.38322338E-02   2.51997327E-05   1.18145516E-04   1.25998664E-02   5.90727582E-02
       896   4.33336462E-05   1.70434366E-04   2.16668231E-02   8.52171831E-02   3.64582382E-05   1.16183562E-04   1.82291191E-02   5.80917810E-02
       897   3.67440290E-05   1.70751876E-04   1.83720145E-02   8.53759381E-02   2.95251142E-05   1.24178883E-04   1.47625571E-02   6.20894416E-02
       898   3.64256795E-05   1.69736962E-04   1.82128398E-02   8.48684812E-02   2.99240454E-05   1.14600579E-04   1.49620227E-02   5.73002895E-02
       899   3.57327919E-05   1.69776289E-04   1.78663960E-02   8.48881446E-02   2.74718024E-05   1.22107163E-04   1.37359012E-02   6.10535817E-02
       900   3.13310993E-05   1.68350257E-04   1.56655496E-02   8.41751283E-02   2.47470075E-05   1.17867875E-04   1.23735037E-02   5.89339373E-02
       901   4.76027579E-05   1.72397655E-04   2.38013790E-02   8.61988277E-02   3.86504800E-05   1.33535254E-04   1.93252400E-02   6.67676269E-02
       902   5.88669453E-05   1.74457720E-04   2.94334727E-02   8.72288598E-02   5.05463768E-05   1.29894392E-04   2.52731884E-02   6.49471962E-02
       903   3.34045992E-05   1.68839542E-04   1.67022996E-02   8.44197709E-02   2.55596301E-05   1.16379372E-04   1.27798150E-02   5.81896859E-02
       904   3.80778068E-05   1.71391691E-04   1.90389034E-02   8.56958457E-02   3.13618315E-05   1.19133964E-04   1.56809158E-02   5.95669821E-02
       905   4.24581077E-05   1.71040293E-04   2.12290539E-02   8.55201464E-02   3.34980986E-05   1.25819271E-04   1.67490493E-02   6.29096353E-02
       906   3.88554139E-05   1.70958918E-04   1.94277069E-02   8.54794588E-02   3.01650154E-05   1.25763253E-04   1.50825077E-02   6.28816266E-02
       907   3.95796544E-05   1.70373736E-04   1.97898272E-02   8.51868678E-02   3.27526810E-05   1.15392288E-04   1.63763405E-02   5.76961441E-02
       908   5.43802984E-05   1.74150947E-04   2.71901492E-02   8.70754735E-02   4.54757009E-05   1.27965332E-04   2.27378505E-02   6.39826661E-02
       909   4.91821783E-05   1.71570410E-04   2.45910891E-02   8.57852048E-02   4.07085158E-05   1.16425419E-04   2.03542579E-02   5.82127096E-02
       910   3.20552733E-05   1.67535175E-04   1.60276367E-02   8.37675877E-02   2.49371257E-05   1.18814134E-04   1.24685629E-02   5.94070668E-02
       911   4.43858275E-05   1.71310605E-04   2.21929138E-02   8.56553026E-02   3.55444393E-05   1.17012295E-04   1.77722197E-02   5.85061473E-02
       912   3.48907936E-05   1.67562194E-04   1.74453968E-02   8.37810968E-02   2.85863296E-05   1.14540161E-04   1.42931648E-02   5.72700804E-02
       913   3.64875938E-05   1.69392549E-04   1.82437969E-02   8.46962747E-02   2.90917290E-05   1.15222843E-04   1.45458645E-02   5.76114214E-02
       914   3.28712063E-05   1.68369435E-04   1.64356032E-02   8.41847175E-02   2.53891369E-05   1.15829334E-04   1.26945685E-02   5.79146670E-02
       915   4.24170545E-05   1.70416033E-04   2.12085273E-02   8.52080165E-02   3.47729599E-05   1.15433511E-04   1.73864799E-02   5.77167553E-02
       916   3.58843469E-05   1.69562525E-04   1.79421735E-02   8.47812627E-02   2.82945667E-05   1.16231762E-04   1.41472833E-02   5.81158808E-02
       917   3.95191080E-05   1.70284972E-04   1.97595540E-02   8.51424860E-02   3.32752095E-05   1.15165698E-04   1.66376047E-02   5.75828491E-02
       918   8.25035738E-05   1.84986128E-04   4.12517869E-02   9.24930642E-02   7.37153135E-05   1.39371300E-04   3.68576568E-02   6.96856501E-02
       919   4.02557664E-05   1.70634842E-04   2.01278832E-02   8.53174212E-02   3.10303080E-05   1.27088939E-04   1.55151540E-02   6.35444697E-02
       920   3.95857231E-05   1.70425670E-04   1.97928615E-02   8.52128351E-02   3.11546624E-05   1.25327819E-04   1.55773312E-02   6.26639097E-02
       921   3.41461131E-05   1.67001180E-04   1.70730565E-02   8.35005899E-02   2.66074787E-05   1.18441064E-04   1.33037394E-02   5.92205322E-02
       922   3.81551790E-05   1.68403405E-04   1.90775895E-02   8.42017025E-02   3.09911049E-05   1.15451677E-04   1.54955525E-02   5.77258387E-02
       923   4.03776026E-05   1.70595021E-04   2.01888013E-02   8.52975105E-02   3.15961822E-05   1.25728772E-04   1.57980911E-02   6.28643859E-02
       924   4.70892259E-05   1.71263310E-04   2.35446130E-02   8.56316551E-02   3.78582767E-05   1.25787686E-04   1.89291383E-02   6.28938431E-02
       925   3.19416088E-05   1.68232938E-04   1.59708044E-02   8.41164689E-02   2.53539804E-05   1.16823785E-04   1.26769902E-02   5.84118923E-02
       926   3.14542801E-05   1.67455144E-04   1.57271400E-02   8.37275718E-02   2.55032563E-05   1.14468539E-04   1.27516282E-02   5.72342696E-02
       927   3.29719211E-05   1.67802817E-04   1.64859605E-02   8.39014086E-02   2.70492781E-05   1.14039260E-04   1.35246391E-02   5.70196302E-02
       928   4.40987393E-05   1.70986244E-04   2.20493697E-02   8.54931218E-02   3.52534595E-05   1.28238679E-04   1.76267297E-02   6.41193396E-02
       929   3.70343052E-05   1.66383360E-04   1.85171526E-02   8.31916800E-02   3.06554195E-05   1.12277787E-04   1.53277097E-02   5.61388937E-02
       930   4.16025838E-05   1.71104099E-04   2.08012919E-02   8.55520494E-02   3.28192854E-05   1.23014662E-04   1.64096427E-02   6.15073310E-02
       931   3.85278476E-05   1.67949339E-04   1.92639238E-02   8.39746697E-02   3.19162797E-05   1.15034742E-04   1.59581399E-02   5.75173709E-02
       932   3.81049408E-05   1.68585037E-04   1.90524704E-02   8.42925185E-02   2.90398345E-05   1.18102811E-04   1.45199172E-02   5.90514054E-02
       933   3.22175531E-05   1.67758129E-04   1.61087765E-02   8.38790644E-02   2.62795350E-05   1.14949283E-04   1.31397675E-02   5.74746413E-02
       934   4.60362123E-05   1.73398098E-04   2.30181062E-02   8.66990488E-02   3.70342265E-05   1.32111659E-04   1.85171132E-02   6.60558293E-02
       935   3.21262341E-05   1.68003660E-04   1.60631170E-02   8.40018300E-02   2.59055984E-05   1.16838162E-04   1.29527992E-02   5.84190810E-02
       936   3.22779982E-05   1.68042227E-04   1.61389991E-02   8.40211134E-02   2.61759916E-05   1.14439145E-04   1.30879958E-02   5.72195725E-02
       937   3.49686979E-05   1.68384388E-04   1.74843490E-02   8.41921938E-02   2.87570913E-05   1.14150467E-04   1.43785456E-02   5.70752337E-02
       938   3.36186781E-05   1.68291017E-04   1.68093390E-02   8.41455087E-02   2.53552188E-05   1.20229755E-04   1.26776094E-02   6.01148773E-02
       939   3.58829433E-05   1.69100003E-04   1.79414716E-02   8.45500014E-02   2.90406244E-05   1.16319078E-04   1.45203122E-02   5.81595392E-02
       940   3.69263194E-05   1.68600936E-04   1.84631597E-02   8.43004681E-02   2.80251475E-05   1.21770256E-04   1.40125737E-02   6.08851281E-02
       941   3.78043209E-05   1.69898096E-04   1.89021605E-02   8.49490479E-02   2.86307902E-05   1.22329811E-04   1.43153951E-02   6.11649057E-02
       942   3.39811224E-05   1.68091139E-04   1.69905612E-02   8.40455696E-02   2.62326203E-05   1.18932295E-04   1.31163101E-02   5.94661473E-02
       943   3.27877144E-05   1.69026425E-04   1.63938572E-02   8.45132125E-02   2.52822590E-05   1.18954956E-04   1.26411295E-02   5.94774782E-02
       944   3.17352256E-05   1.69292587E-04   1.58676128E-02   8.46462934E-02   2.48336125E-05   1.19382021E-04   1.24168063E-02   5.96910105E-02
       945   3.12186333E-05   1.66612291E-04   1.56093166E-02   8.33061455E-02   2.40413735E-05   1.15118298E-04   1.20206867E-02   5.75591490E-02
       946   3.50803792E-05   1.68536870E-04   1.75401896E-02   8.42684351E-02   2.85796942E-05   1.15381899E-04   1.42898471E-02   5.76909496E-02
       947   3.79169402E-05   1.68684035E-04   1.89584701E-02   8.43420177E-02   3.05669498E-05   1.16336930E-04   1.52834749E-02   5.81684648E-02
       948   3.70161304E-05   1.68578075E-04   1.85080652E-02   8.42890377E-02   3.08006923E-05   1.15236789E-04   1.54003462E-02   5.76183943E-02
       949   4.53688582E-05   1.70851570E-04   2.26844291E-02   8.54257851E-02   3.59783031E-05   1.25468428E-04   1.79891515E-02   6.27342141E-02
       950   7.64794886E-05   1.81268412E-04   3.82397443E-02   9.06342058E-02   6.31799946E-05   1.38840334E-04   3.15899973E-02   6.94201671E-02
       951   3.35597072E-05   1.67434874E-04   1.67798536E-02   8.37174368E-02   2.71677935E-05   1.14156456E-04   1.35838967E-02   5.70782280E-02
       952   3.70340894E-05   1.69901221E-04   1.85170447E-02   8.49506104E-02   2.82324454E-05   1.23358342E-04   1.41162227E-02   6.16791711E-02
       953   3.03200746E-05   1.68595362E-04   1.51600373E-02   8.42976812E-02   2.39188229E-05   1.16197393E-04   1.19594114E-02   5.80986963E-02
       954   3.51003035E-05   1.69287723E-04   1.75501517E-02   8.46438617E-02   2.88978577E-05   1.15649557E-04   1.44489288E-02   5.78247783E-02
       955   5.45615957E-05   1.73280613E-04   2.72807979E-02   8.66403067E-02   4.67416993E-05   1.20973037E-04   2.33708497E-02   6.04865186E-02
       956   4.64208686E-05   1.70189298E-04   2.32104343E-02   8.50946491E-02   3.71337485E-05   1.18247583E-04   1.85668742E-02   5.91237916E-02
       957   3.75127479E-05   1.68381284E-04   1.87563740E-02   8.41906418E-02   3.06477083E-05   1.14776324E-04   1.53238542E-02   5.73881619E-02
       958   3.87998515E-05   1.67879300E-04   1.93999258E-02   8.39396499E-02   3.05296666E-05   1.15111969E-04   1.52648333E-02   5.75559847E-02
       959   4.18474284E-05   1.71525286E-04   2.09237142E-02   8.57626430E-02   3.27419839E-05   1.28483360E-04   1.63709920E-02   6.42416801E-02
       960   3.13515771E-05   1.67515856E-04   1.56757885E-02   8.37579279E-02   2.48512931E-05   1.14019027E-04   1.24256466E-02   5.70095133E-02
       961   3.30927507E-05   1.67976995E-04   1.65463754E-02   8.39884974E-02   2.61920909E-05   1.18204361E-04   1.30960455E-02   5.91021807E-02
       962   4.55285438E-05   1.69869569E-04   2.27642719E-02   8.49347847E-02   3.64802084E-05   1.23264272E-04   1.82401042E-02   6.16321362E-02
       963   4.16646830E-05   1.70084895E-04   2.08323415E-02   8.50424475E-02   3.27457688E-05   1.26112618E-04   1.63728844E-02   6.30563090E-02
       964   4.01359917E-05   1.71011994E-04   2.00679959E-02   8.55059970E-02   3.13218244E-05   1.27191393E-04   1.56609122E-02   6.35956964E-02
       965   4.56597484E-05   1.72295481E-04   2.28298742E-02   8.61477407E-02   3.72855799E-05   1.23904563E-04   1.86427900E-02   6.19522816E-02
       966   3.21714691E-05   1.67822605E-04   1.60857346E-02   8.39113025E-02   2.63181616E-05   1.13929417E-04   1.31590808E-02   5.69647087E-02
       967   4.79126991E-05   1.75229344E-04   2.39563495E-02   8.76146720E-02   3.78531449E-05   1.36478084E-04   1.89265725E-02   6.82390422E-02
       968   3.33662759E-05   1.68164934E-04   1.66831379E-02   8.40824669E-02   2.69621411E-05   1.14533055E-04   1.34810705E-02   5.72665273E-02
       969   3.42430919E-05   1.69654110E-04   1.71215459E-02   8.48270550E-02   2.70319384E-05   1.16159037E-04   1.35159692E-02   5.80795185E-02
       970   4.24328273E-05   1.71324332E-04   2.12164136E-02   8.56621662E-02   3.59244206E-05   1.15327804E-04   1.79622103E-02   5.76639019E-02
       971   3.44025324E-05   1.69770574E-04   1.72012662E-02   8.48852870E-02   2.62373916E-05   1.23096995E-04   1.31186958E-02   6.15484977E-02
       972   4.26177533E-05   1.69962972E-04   2.13088766E-02   8.49814859E-02   3.33796664E-05   1.23103341E-04   1.66898332E-02   6.15516704E-02
       973   3.32255858E-05   1.67910425E-04   1.66127929E-02   8.39552127E-02   2.63279676E-05   1.15896017E-04   1.31639838E-02   5.79480085E-02
       974   3.43384396E-05   1.68239136E-04   1.71692198E-02   8.41195678E-02   2.61577824E-05   1.17011342E-04   1.30788912E-02   5.85056712E-02
       975   3.43591805E-05   1.66692590E-04   1.71795902E-02   8.33462951E-02   2.80342725E-05   1.13001183E-04   1.40171363E-02   5.65005915E-02
       976   3.28500144E-05   1.65811836E-04   1.64250072E-02   8.29059180E-02   2.52379925E-05   1.18644175E-04   1.26189963E-02   5.93220877E-02
       977   3.47209421E-05   1.66345890E-04   1.73604710E-02   8.31729450E-02   2.82062433E-05   1.12559053E-04   1.41031216E-02   5.62795263E-02
       978   4.22757318E-05   1.69774993E-04   2.11378659E-02   8.48874966E-02   3.50380883E-05   1.16239068E-04   1.75190441E-02   5.81195342E-02
       979   3.35960715E-05   1.65788308E-04   1.67980358E-02   8.28941542E-02   2.74206593E-05   1.11640733E-04   1.37103297E-02   5.58203663E-02
       980   3.85523342E-05   1.68366730E-04   1.92761671E-02   8.41833649E-02   3.16394731E-05   1.19698024E-04   1.58197366E-02   5.98490122E-02
       981   3.16800728E-05   1.65258821E-04   1.58400364E-02   8.26294106E-02   2.44032485E-05   1.15184120E-04   1.22016242E-02   5.75920599E-02
       982   3.67597050E-05   1.67640393E-04   1.83798525E-02   8.38201966E-02   3.02955325E-05   1.13803026E-04   1.51477663E-02   5.69015130E-02
       983   4.59094673E-05   1.68452779E-04   2.29547337E-02   8.42263897E-02   3.71639918E-05   1.15456178E-04   1.85819959E-02   5.77280891E-02
       984   4.41576133E-05   1.67129258E-04   2.20788067E-02   8.35646289E-02   3.75367231E-05   1.11670902E-04   1.87683616E-02   5.58354508E-02
       985   3.55753800E-05   1.68668742E-04   1.77876900E-02   8.43343709E-02   2.69323987E-05   1.23272344E-04   1.34661993E-02   6.16361722E-02
       986   4.84618553E-05   1.73697847E-04   2.42309276E-02   8.68489237E-02   3.88566254E-05   1.34955951E-04   1.94283127E-02   6.74779755E-02
       987   3.04846754E-05   1.67605271E-04   1.52423377E-02   8.38026354E-02   2.39867853E-05   1.15445716E-04   1.19933926E-02   5.77228581E-02
       988   6.25625400E-05   1.76420831E-04   3.12812700E-02   8.82104155E-02   5.27332330E-05   1.28007167E-04   2.63666165E-02   6.40035835E-02
       989   3.70161730E-05   1.66841437E-04   1.85080865E-02   8.34207187E-02   3.04737278E-05   1.12207577E-04   1.52368639E-02   5.61037884E-02
       990   3.88011946E-05   1.68613469E-04   1.94005973E-02   8.43067344E-02   3.24807744E-05   1.13402624E-04   1.62403872E-02   5.67013118E-02
       991   3.17605245E-05   1.67894153E-04   1.58802623E-02   8.39470766E-02   2.50010883E-05   1.18544037E-04   1.25005441E-02   5.92720187E-02
       992   4.79288440E-05   1.71350768E-04   2.39644220E-02   8.56753840E-02   3.86306400E-05   1.18697629E-04   1.93153200E-02   5.93488143E-02
       993   4.69775490E-05   1.70729556E-04   2.34887745E-02   8.53647781E-02   3.81473170E-05   1.26495700E-04   1.90736585E-02   6.32478501E-02
       994   3.36323916E-05   1.68370349E-04   1.68161958E-02   8.41851744E-02   2.63855469E-05   1.21800725E-04   1.31927735E-02   6.09003627E-02
       995   4.73325297E-05   1.71816466E-04   2.36662649E-02   8.59082330E-02   3.80068093E-05   1.32406998E-04   1.90034046E-02   6.62034989E-02
       996   3.59876002E-05   1.68368143E-04   1.79938001E-02   8.41840717E-02   2.77031250E-05   1.23396055E-04   1.38515625E-02   6.16980277E-02
       997   3.51107914E-05   1.66778275E-04   1.75553957E-02   8.33891374E-02   2.79641611E-05   1.15313453E-04   1.39820805E-02   5.76567265E-02
       998   3.68365212E-05   1.70844466E-04   1.84182606E-02   8.54222331E-02   3.01960511E-05   1.15821574E-04   1.50980256E-02   5.79107872E-02
       999   4.23484766E-05   1.69052280E-04   2.11742383E-02   8.45261398E-02   3.53960824E-05   1.16665131E-04   1.76980412E-02   5.83325657E-02
      1000   5.22858272E-05   1.72096249E-04   2.61429136E-02   8.60481247E-02   4.32996938E-05   1.22306675E-04   2.16498469E-02   6.11533374E-02
